equipment_id,timestamp,status,temperature,vibration,power_consumption,oil_pressure,hydraulic_pressure,spindle_load,operating_hours
EQ-A02,2024-03-01 08:00:00,RUNNING,64.6,2.6,43.9,5.01,12.3,79.4,3281
EQ-A01,2024-03-01 09:00:00,RUNNING,64.6,1.98,46.8,4.2,11.0,77.8,136
EQ-B02,2024-03-01 10:00:00,RUNNING,62.7,2.33,46.4,4.22,11.2,81.1,179
EQ-A02,2024-03-01 11:00:00,RUNNING,64.8,3.13,46.3,4.7,12.1,75.8,1718
EQ-B01,2024-03-01 12:00:00,RUNNING,68.4,2.91,43.8,4.65,11.7,73.4,480
EQ-C01,2024-03-01 13:00:00,RUNNING,66.7,2.18,45.3,4.61,11.8,78.6,2213
EQ-A02,2024-03-01 14:00:00,RUNNING,63.7,2.97,45.3,4.55,11.6,73.8,2410
EQ-A02,2024-03-01 15:00:00,RUNNING,65.6,3.01,44.4,4.81,11.6,76.7,1021
EQ-C01,2024-03-01 16:00:00,RUNNING,63.5,3.27,47.7,4.59,11.7,67.4,4508
EQ-A02,2024-03-01 17:00:00,RUNNING,66.1,2.6,46.7,4.06,12.1,77.1,4834
EQ-A02,2024-03-01 18:00:00,RUNNING,62.3,2.56,43.5,4.25,11.7,73.7,2463
EQ-C01,2024-03-01 19:00:00,RUNNING,68.7,2.34,43.3,4.74,12.5,79.1,2498
EQ-C01,2024-03-01 20:00:00,RUNNING,69.1,2.6,45.3,4.29,12.7,74.5,640
EQ-A02,2024-03-01 21:00:00,RUNNING,64.1,2.3,46.3,4.53,12.1,73.4,293
EQ-A01,2024-03-01 22:00:00,RUNNING,64.4,2.43,47.8,3.96,12.2,80.4,2569
EQ-A01,2024-03-01 23:00:00,RUNNING,59.5,2.46,47.0,4.27,12.1,70.3,3582
EQ-C01,2024-03-02 00:00:00,RUNNING,65.1,3.14,48.4,4.58,11.4,73.4,711
EQ-A01,2024-03-02 01:00:00,RUNNING,59.6,2.35,46.9,4.09,11.9,70.9,2691
EQ-A02,2024-03-02 02:00:00,RUNNING,70.4,2.7,46.7,4.59,12.4,80.4,483
EQ-A02,2024-03-02 03:00:00,RUNNING,65.1,2.23,43.1,5.03,12.4,63.9,926
EQ-B01,2024-03-02 04:00:00,RUNNING,64.3,2.71,48.3,4.17,12.2,73.0,683
EQ-B02,2024-03-02 05:00:00,RUNNING,61.4,3.17,43.1,4.79,11.2,72.5,4001
EQ-B01,2024-03-02 06:00:00,RUNNING,66.7,2.86,45.9,4.8,11.9,82.0,4606
EQ-B02,2024-03-02 07:00:00,RUNNING,66.1,2.87,45.7,4.65,11.5,70.3,2482
EQ-B02,2024-03-02 08:00:00,RUNNING,63.4,2.76,43.8,4.41,12.0,82.1,2107
EQ-A02,2024-03-02 09:00:00,RUNNING,66.8,1.77,45.3,4.41,11.9,75.0,2803
EQ-A02,2024-03-02 10:00:00,RUNNING,68.4,2.09,45.4,4.59,11.9,71.8,2638
EQ-C01,2024-03-02 11:00:00,RUNNING,62.7,2.29,46.5,4.39,12.0,69.2,843
EQ-A01,2024-03-02 12:00:00,RUNNING,63.6,2.61,41.7,4.81,11.7,83.8,125
EQ-B01,2024-03-02 13:00:00,RUNNING,66.3,1.58,45.6,4.4,12.1,83.1,239
EQ-A01,2024-03-02 14:00:00,RUNNING,67.1,2.39,42.2,4.76,12.3,80.8,2362
EQ-B02,2024-03-02 15:00:00,RUNNING,64.6,2.65,44.5,4.53,11.2,76.6,3545
EQ-B01,2024-03-02 16:00:00,RUNNING,66.1,2.25,46.2,4.76,12.7,69.9,1373
EQ-B02,2024-03-02 17:00:00,RUNNING,67.0,3.17,44.3,4.92,11.6,75.3,4241
EQ-C01,2024-03-02 18:00:00,RUNNING,59.8,1.57,41.9,4.93,11.6,71.1,3577
EQ-A01,2024-03-02 19:00:00,RUNNING,66.2,2.13,47.4,5.06,10.9,77.6,2721
EQ-B02,2024-03-02 20:00:00,RUNNING,58.8,1.82,46.0,4.22,12.1,75.2,2121
EQ-C01,2024-03-02 21:00:00,RUNNING,60.1,2.83,45.6,4.51,11.7,76.9,2860
EQ-B01,2024-03-02 22:00:00,RUNNING,61.1,2.0,45.6,4.81,11.8,77.3,1010
EQ-A02,2024-03-02 23:00:00,RUNNING,65.6,2.71,43.6,4.46,12.0,82.5,4572
EQ-A01,2024-03-03 00:00:00,RUNNING,61.7,1.8,51.0,4.59,12.3,78.2,3778
EQ-B02,2024-03-03 01:00:00,RUNNING,67.3,2.95,46.6,4.84,12.1,80.4,2799
EQ-A01,2024-03-03 02:00:00,RUNNING,70.7,2.6,46.0,4.33,11.9,76.8,1197
EQ-A02,2024-03-03 03:00:00,RUNNING,63.8,2.55,45.7,4.96,11.6,77.1,4951
EQ-B01,2024-03-03 04:00:00,RUNNING,63.2,2.88,46.7,5.0,11.8,75.7,4710
EQ-B02,2024-03-03 05:00:00,RUNNING,67.4,2.83,40.0,4.29,12.3,74.0,4250
EQ-A01,2024-03-03 06:00:00,RUNNING,67.4,3.02,44.6,4.68,12.7,80.1,2896
EQ-B01,2024-03-03 07:00:00,RUNNING,62.7,2.41,45.1,4.22,12.5,71.8,2226
EQ-A02,2024-03-03 08:00:00,RUNNING,64.7,3.04,44.1,4.4,12.2,73.0,3183
EQ-A01,2024-03-03 09:00:00,RUNNING,69.6,2.04,40.4,4.75,11.8,71.0,3883
EQ-A02,2024-03-03 10:00:00,RUNNING,66.2,2.71,43.5,4.86,12.4,84.9,1960
EQ-B02,2024-03-03 11:00:00,RUNNING,63.6,2.58,45.5,4.4,12.2,77.4,254
EQ-A02,2024-03-03 12:00:00,RUNNING,66.4,2.34,44.6,4.33,11.6,74.7,2521
EQ-B01,2024-03-03 13:00:00,RUNNING,69.5,3.52,47.6,4.36,12.2,64.8,3664
EQ-B01,2024-03-03 14:00:00,RUNNING,64.5,2.31,48.7,4.58,12.0,74.7,2395
EQ-B02,2024-03-03 15:00:00,RUNNING,64.1,2.77,43.7,4.66,12.7,75.6,3889
EQ-B02,2024-03-03 16:00:00,RUNNING,64.1,2.46,47.4,4.54,11.7,79.0,1257
EQ-A01,2024-03-03 17:00:00,RUNNING,62.9,2.38,45.5,4.26,11.1,77.2,3033
EQ-A01,2024-03-03 18:00:00,RUNNING,58.4,2.04,46.6,4.63,11.9,70.5,3717
EQ-A01,2024-03-03 19:00:00,RUNNING,63.7,2.79,44.7,4.13,11.6,72.8,323
EQ-B02,2024-03-03 20:00:00,RUNNING,66.1,2.55,42.5,4.9,11.6,77.2,1767
EQ-A01,2024-03-03 21:00:00,RUNNING,62.2,3.74,47.7,4.27,12.0,69.9,4196
EQ-B02,2024-03-03 22:00:00,RUNNING,63.9,2.71,46.7,4.13,11.6,79.7,1103
EQ-B01,2024-03-03 23:00:00,RUNNING,69.0,2.11,46.9,4.13,11.9,69.3,3247
EQ-B01,2024-03-04 00:00:00,RUNNING,63.8,3.45,44.9,4.42,11.7,73.5,4037
EQ-C01,2024-03-04 01:00:00,RUNNING,62.6,2.57,44.9,4.36,11.7,75.9,1983
EQ-B02,2024-03-04 02:00:00,RUNNING,62.8,2.38,44.1,3.84,12.4,65.8,601
EQ-A02,2024-03-04 03:00:00,RUNNING,59.7,2.95,42.8,3.88,12.7,71.8,900
EQ-B02,2024-03-04 04:00:00,RUNNING,68.6,2.04,41.7,4.4,11.4,77.0,2705
EQ-B01,2024-03-04 05:00:00,RUNNING,67.0,2.96,44.4,4.91,11.5,75.7,1969
EQ-C01,2024-03-04 06:00:00,RUNNING,64.6,3.49,47.4,4.51,12.1,82.7,230
EQ-A02,2024-03-04 07:00:00,RUNNING,62.7,1.48,43.1,4.38,12.7,80.2,3723
EQ-B01,2024-03-04 08:00:00,RUNNING,64.9,2.73,43.6,5.13,12.6,75.3,697
EQ-B01,2024-03-04 09:00:00,RUNNING,64.8,2.85,44.9,3.95,12.8,80.8,4222
EQ-B01,2024-03-04 10:00:00,RUNNING,66.1,2.29,45.0,3.71,11.4,83.8,3860
EQ-A02,2024-03-04 11:00:00,RUNNING,66.6,1.53,43.3,3.92,11.6,74.2,3240
EQ-A01,2024-03-04 12:00:00,RUNNING,69.8,2.89,44.4,4.42,11.6,80.5,1427
EQ-C01,2024-03-04 13:00:00,RUNNING,68.6,1.83,41.6,4.4,11.9,76.3,1515
EQ-B01,2024-03-04 14:00:00,RUNNING,60.0,2.14,44.8,4.27,12.4,84.3,2226
EQ-B02,2024-03-04 15:00:00,RUNNING,63.4,2.94,44.3,4.22,11.6,78.8,4426
EQ-B02,2024-03-04 16:00:00,RUNNING,63.1,2.28,42.7,4.69,12.2,82.3,1308
EQ-B02,2024-03-04 17:00:00,RUNNING,66.8,2.71,46.2,4.42,12.1,79.7,1623
EQ-C01,2024-03-04 18:00:00,RUNNING,62.5,3.35,46.3,5.11,11.4,69.1,4328
EQ-B01,2024-03-04 19:00:00,RUNNING,66.1,2.56,44.1,4.12,11.9,76.1,474
EQ-B02,2024-03-04 20:00:00,RUNNING,61.1,2.29,45.8,4.74,11.9,71.0,3512
EQ-B02,2024-03-04 21:00:00,RUNNING,65.3,2.4,42.1,4.36,11.7,75.1,2153
EQ-A02,2024-03-04 22:00:00,RUNNING,62.8,2.23,44.6,4.69,12.0,88.3,184
EQ-B02,2024-03-04 23:00:00,RUNNING,61.2,2.96,44.8,4.08,11.8,67.4,3190
EQ-A02,2024-03-05 00:00:00,RUNNING,65.2,2.35,43.6,4.18,12.5,74.2,1278
EQ-B02,2024-03-05 01:00:00,RUNNING,65.6,2.59,45.2,4.4,12.8,86.2,653
EQ-A02,2024-03-05 02:00:00,RUNNING,69.3,2.51,44.9,4.83,11.6,83.6,2871
EQ-A02,2024-03-05 03:00:00,RUNNING,67.4,2.36,45.6,4.69,11.8,80.2,4593
EQ-B02,2024-03-05 04:00:00,RUNNING,68.8,2.37,44.0,4.47,11.4,66.7,3998
EQ-B02,2024-03-05 05:00:00,RUNNING,63.7,2.02,48.5,4.36,12.2,71.9,1233
EQ-B01,2024-03-05 06:00:00,RUNNING,70.3,2.4,42.5,4.7,12.1,81.0,1127
EQ-A02,2024-03-05 07:00:00,RUNNING,64.5,2.55,42.0,4.75,12.0,74.4,4433
EQ-B02,2024-03-05 08:00:00,RUNNING,64.3,2.36,46.7,4.22,12.4,67.0,4228
EQ-B02,2024-03-05 09:00:00,RUNNING,59.3,3.21,43.0,4.53,11.9,76.7,526
EQ-B02,2024-03-05 10:00:00,RUNNING,65.2,3.02,42.1,4.7,12.0,67.3,347
EQ-B01,2024-03-05 11:00:00,RUNNING,63.4,1.7,41.7,4.37,12.6,76.6,4335
EQ-C01,2024-03-05 12:00:00,RUNNING,68.9,2.54,48.1,4.93,11.5,75.4,3322
EQ-C01,2024-03-05 13:00:00,RUNNING,62.8,2.43,48.3,4.31,11.4,69.4,2014
EQ-A02,2024-03-05 14:00:00,RUNNING,63.8,4.37,47.9,3.64,12.0,71.9,571
EQ-B01,2024-03-05 15:00:00,RUNNING,68.0,1.91,42.9,4.33,11.7,78.3,3135
EQ-A02,2024-03-05 16:00:00,RUNNING,64.0,3.0,43.4,4.76,11.4,78.1,2227
EQ-A01,2024-03-05 17:00:00,RUNNING,63.5,2.95,40.1,4.27,12.6,74.0,2941
EQ-A01,2024-03-05 18:00:00,RUNNING,59.9,2.15,45.8,4.26,12.6,80.4,4399
EQ-C01,2024-03-05 19:00:00,RUNNING,67.0,3.02,44.0,4.95,12.5,74.4,1286
EQ-B02,2024-03-05 20:00:00,RUNNING,60.1,1.32,47.0,4.02,11.5,77.4,1738
EQ-C01,2024-03-05 21:00:00,RUNNING,61.1,3.72,45.5,4.94,12.5,62.3,3525
EQ-A01,2024-03-05 22:00:00,RUNNING,67.2,2.49,44.9,4.49,12.5,83.2,2781
EQ-C01,2024-03-05 23:00:00,RUNNING,61.4,2.54,47.8,4.44,12.1,76.1,3781
EQ-B02,2024-03-06 00:00:00,RUNNING,71.3,2.87,49.1,5.02,11.9,76.5,2208
EQ-A01,2024-03-06 01:00:00,RUNNING,71.2,1.93,46.5,4.73,11.9,73.1,2674
EQ-A02,2024-03-06 02:00:00,RUNNING,64.3,2.85,47.9,4.72,11.4,82.5,2735
EQ-B02,2024-03-06 03:00:00,RUNNING,68.6,2.38,43.7,4.23,12.5,65.6,3788
EQ-A01,2024-03-06 04:00:00,RUNNING,68.3,2.27,45.6,3.47,11.1,71.6,3980
EQ-C01,2024-03-06 05:00:00,RUNNING,62.3,2.88,45.6,5.08,12.3,71.7,4977
EQ-B02,2024-03-06 06:00:00,RUNNING,68.7,2.27,44.0,4.5,12.8,80.3,4194
EQ-B01,2024-03-06 07:00:00,RUNNING,68.1,3.48,47.0,4.13,12.3,83.1,2920
EQ-B01,2024-03-06 08:00:00,RUNNING,60.4,2.49,42.9,4.54,12.6,81.7,1400
EQ-B02,2024-03-06 09:00:00,RUNNING,64.4,2.83,42.0,3.98,12.6,59.9,730
EQ-C01,2024-03-06 10:00:00,RUNNING,62.9,2.84,45.4,3.65,12.3,70.7,326
EQ-A02,2024-03-06 11:00:00,RUNNING,65.4,2.19,43.6,3.96,11.8,81.2,4416
EQ-B01,2024-03-06 12:00:00,RUNNING,63.7,2.31,43.6,4.11,11.5,76.1,1305
EQ-A02,2024-03-06 13:00:00,RUNNING,72.4,2.99,46.2,5.1,12.2,80.4,4006
EQ-A02,2024-03-06 14:00:00,RUNNING,65.6,2.73,42.2,4.41,11.7,71.9,3396
EQ-A02,2024-03-06 15:00:00,RUNNING,63.0,3.22,44.3,4.46,13.1,78.9,3830
EQ-A02,2024-03-06 16:00:00,RUNNING,65.0,3.03,43.7,4.37,11.8,76.2,1576
EQ-A01,2024-03-06 17:00:00,RUNNING,66.4,2.03,45.8,4.68,11.8,74.2,1542
EQ-A02,2024-03-06 18:00:00,RUNNING,61.6,1.75,42.7,4.72,12.3,84.6,1306
EQ-B02,2024-03-06 19:00:00,RUNNING,65.1,2.53,45.7,4.18,12.5,76.9,946
EQ-A01,2024-03-06 20:00:00,RUNNING,62.2,2.69,46.5,4.1,12.5,72.7,714
EQ-B02,2024-03-06 21:00:00,RUNNING,55.8,2.99,47.7,4.16,11.2,81.6,3139
EQ-B02,2024-03-06 22:00:00,RUNNING,63.1,3.17,41.4,4.92,12.5,77.7,3589
EQ-C01,2024-03-06 23:00:00,RUNNING,59.0,2.32,47.0,3.99,11.7,77.0,1088
EQ-B02,2024-03-07 00:00:00,RUNNING,61.5,3.15,47.2,4.57,12.2,72.3,973
EQ-B02,2024-03-07 01:00:00,RUNNING,66.8,2.2,44.6,4.35,12.7,81.0,1446
EQ-A01,2024-03-07 02:00:00,RUNNING,62.0,3.17,43.4,5.06,12.8,86.0,2512
EQ-A02,2024-03-07 03:00:00,RUNNING,65.9,2.36,44.4,4.61,11.5,63.0,4549
EQ-B01,2024-03-07 04:00:00,RUNNING,63.8,2.52,46.1,4.62,12.1,80.8,1034
EQ-B01,2024-03-07 05:00:00,RUNNING,62.4,2.16,49.2,3.54,12.6,77.8,2297
EQ-C01,2024-03-07 06:00:00,RUNNING,65.0,2.95,46.4,4.06,11.5,72.6,3410
EQ-C01,2024-03-07 07:00:00,RUNNING,58.6,2.5,46.3,4.85,12.0,71.3,4633
EQ-A02,2024-03-07 08:00:00,RUNNING,65.7,2.46,46.6,4.49,12.4,73.7,365
EQ-B01,2024-03-07 09:00:00,RUNNING,68.9,2.59,43.8,4.4,12.4,68.6,1539
EQ-A01,2024-03-07 10:00:00,RUNNING,64.6,3.03,46.0,4.15,12.2,68.3,3580
EQ-C01,2024-03-07 11:00:00,RUNNING,65.6,3.19,45.1,4.16,11.9,76.0,164
EQ-A02,2024-03-07 12:00:00,RUNNING,68.3,3.04,42.8,4.4,12.2,72.0,4888
EQ-A02,2024-03-07 13:00:00,RUNNING,66.5,1.83,45.5,4.81,12.0,75.9,1633
EQ-A01,2024-03-07 14:00:00,RUNNING,67.5,2.28,46.2,4.49,11.5,79.5,1576
EQ-B02,2024-03-07 15:00:00,RUNNING,69.2,3.08,46.8,4.65,12.2,74.5,4758
EQ-C01,2024-03-07 16:00:00,RUNNING,63.0,1.47,41.9,4.5,11.4,77.1,213
EQ-A01,2024-03-07 17:00:00,RUNNING,70.2,0.89,43.1,5.16,12.4,74.4,2280
EQ-A02,2024-03-07 18:00:00,RUNNING,63.4,2.79,47.0,4.12,12.7,77.0,3356
EQ-B01,2024-03-07 19:00:00,RUNNING,67.8,3.01,45.6,4.63,12.3,73.2,4158
EQ-A01,2024-03-07 20:00:00,RUNNING,66.9,2.37,45.0,4.97,12.0,77.1,596
EQ-B02,2024-03-07 21:00:00,RUNNING,64.5,2.32,48.9,4.06,12.0,69.0,4575
EQ-A01,2024-03-07 22:00:00,RUNNING,68.8,2.47,44.1,3.95,12.8,68.4,685
EQ-B02,2024-03-07 23:00:00,RUNNING,66.5,2.97,49.3,4.33,11.6,72.9,3905
EQ-A01,2024-03-08 00:00:00,RUNNING,63.2,1.56,48.3,4.37,11.9,78.1,1869
EQ-A01,2024-03-08 01:00:00,RUNNING,69.2,1.92,45.7,4.14,12.2,76.5,3377
EQ-A02,2024-03-08 02:00:00,RUNNING,63.6,2.62,45.5,4.48,11.9,68.2,3750
EQ-A01,2024-03-08 03:00:00,RUNNING,61.7,2.19,43.0,4.33,12.0,75.4,2905
EQ-A01,2024-03-08 04:00:00,RUNNING,66.7,2.58,45.2,4.66,11.5,70.8,369
EQ-B01,2024-03-08 05:00:00,RUNNING,63.9,2.15,41.5,4.67,11.5,84.1,4878
EQ-A02,2024-03-08 06:00:00,RUNNING,65.5,1.75,46.3,4.51,12.1,72.5,1809
EQ-A02,2024-03-08 07:00:00,RUNNING,62.2,1.77,42.4,4.09,11.8,74.7,3485
EQ-B02,2024-03-08 08:00:00,RUNNING,60.4,2.95,45.3,5.23,11.8,86.2,1603
EQ-B01,2024-03-08 09:00:00,RUNNING,67.2,1.52,42.6,4.6,11.1,70.5,2390
EQ-B02,2024-03-08 10:00:00,RUNNING,60.2,3.57,47.2,4.4,12.8,81.3,4831
EQ-A02,2024-03-08 11:00:00,RUNNING,68.9,2.22,44.4,4.17,11.9,70.9,1026
EQ-B02,2024-03-08 12:00:00,RUNNING,61.8,3.07,46.3,4.24,12.5,76.5,1409
EQ-C01,2024-03-08 13:00:00,RUNNING,64.1,3.3,45.6,5.03,12.3,78.3,2382
EQ-B02,2024-03-08 14:00:00,RUNNING,61.8,2.22,47.9,4.85,11.8,68.2,3649
EQ-A02,2024-03-08 15:00:00,RUNNING,70.0,3.03,42.7,4.16,12.9,72.5,4648
EQ-A01,2024-03-08 16:00:00,RUNNING,63.5,2.16,45.7,4.08,12.1,68.0,4523
EQ-A02,2024-03-08 17:00:00,RUNNING,60.8,1.82,42.3,4.72,12.4,74.2,4710
EQ-A01,2024-03-08 18:00:00,RUNNING,63.1,3.19,46.4,4.15,12.2,76.5,3357
EQ-B01,2024-03-08 19:00:00,RUNNING,67.2,3.87,43.4,4.67,12.7,83.6,2230
EQ-A01,2024-03-08 20:00:00,RUNNING,65.5,1.85,41.4,4.75,12.2,75.6,1380
EQ-B01,2024-03-08 21:00:00,RUNNING,65.8,2.99,46.1,4.62,11.7,80.2,4605
EQ-B01,2024-03-08 22:00:00,RUNNING,63.3,2.98,44.2,4.68,12.9,78.3,990
EQ-C01,2024-03-08 23:00:00,RUNNING,69.2,2.31,45.2,4.39,11.2,80.3,1893
EQ-C01,2024-03-09 00:00:00,RUNNING,66.7,2.75,47.5,4.16,11.3,81.2,1942
EQ-A02,2024-03-09 01:00:00,RUNNING,64.8,2.61,42.1,4.94,12.3,72.1,3884
EQ-A02,2024-03-09 02:00:00,RUNNING,71.3,1.82,44.3,4.8,12.6,67.5,4140
EQ-A02,2024-03-09 03:00:00,RUNNING,64.1,2.87,47.9,4.92,12.4,75.4,4531
EQ-A01,2024-03-09 04:00:00,RUNNING,64.5,2.75,47.9,4.44,11.9,80.7,1411
EQ-C01,2024-03-09 05:00:00,RUNNING,68.2,2.25,42.4,3.99,12.1,69.5,1065
EQ-B02,2024-03-09 06:00:00,RUNNING,67.7,1.64,48.2,4.4,11.6,72.3,1920
EQ-B01,2024-03-09 07:00:00,RUNNING,62.4,3.26,46.3,4.53,11.4,74.7,491
EQ-B01,2024-03-09 08:00:00,RUNNING,62.7,1.18,43.6,4.68,11.8,74.3,4713
EQ-B02,2024-03-09 09:00:00,RUNNING,68.1,2.93,48.9,3.84,11.6,79.5,587
EQ-A02,2024-03-09 10:00:00,RUNNING,66.3,2.55,43.8,4.57,12.1,65.7,3626
EQ-B02,2024-03-09 11:00:00,RUNNING,65.6,2.24,46.7,4.6,13.0,75.0,3807
EQ-B02,2024-03-09 12:00:00,RUNNING,61.7,1.26,43.1,4.61,12.3,72.0,2812
EQ-A02,2024-03-09 13:00:00,RUNNING,63.7,2.53,45.8,4.81,11.7,71.3,3816
EQ-A02,2024-03-09 14:00:00,RUNNING,71.1,3.39,43.9,4.84,13.1,81.6,4629
EQ-B01,2024-03-09 15:00:00,RUNNING,62.7,2.55,41.5,4.21,12.0,76.1,3015
EQ-A02,2024-03-09 16:00:00,RUNNING,62.9,1.12,45.4,4.72,12.4,74.0,4917
EQ-B02,2024-03-09 17:00:00,RUNNING,64.6,2.62,45.8,4.47,10.8,82.0,2269
EQ-C01,2024-03-09 18:00:00,RUNNING,63.6,1.89,44.2,4.53,11.7,72.3,4903
EQ-B01,2024-03-09 19:00:00,RUNNING,64.0,2.68,43.4,4.6,11.3,85.0,291
EQ-B02,2024-03-09 20:00:00,RUNNING,68.2,2.36,45.7,4.15,12.3,79.2,104
EQ-C01,2024-03-09 21:00:00,RUNNING,65.8,2.95,45.0,4.47,11.7,77.8,4573
EQ-B02,2024-03-09 22:00:00,RUNNING,62.5,2.71,45.6,4.9,12.3,66.2,2568
EQ-A01,2024-03-09 23:00:00,RUNNING,63.0,2.16,43.5,4.79,10.9,82.1,3529
EQ-B02,2024-03-10 00:00:00,RUNNING,68.0,2.59,45.7,4.52,12.1,80.6,3076
EQ-B02,2024-03-10 01:00:00,RUNNING,64.3,2.8,43.3,4.66,11.9,77.1,277
EQ-A02,2024-03-10 02:00:00,RUNNING,62.4,2.72,44.9,4.97,12.1,77.5,465
EQ-C01,2024-03-10 03:00:00,RUNNING,63.7,2.66,45.9,4.39,11.8,71.0,183
EQ-A01,2024-03-10 04:00:00,RUNNING,64.8,2.17,45.6,4.26,11.9,70.3,4728
EQ-A02,2024-03-10 05:00:00,RUNNING,68.4,2.51,45.0,4.68,12.9,75.4,4974
EQ-A01,2024-03-10 06:00:00,RUNNING,60.5,3.09,42.3,4.35,12.6,73.3,1459
EQ-A02,2024-03-10 07:00:00,RUNNING,63.3,2.64,45.0,4.29,12.4,81.1,736
EQ-B01,2024-03-10 08:00:00,RUNNING,69.2,2.78,43.6,4.12,10.8,80.2,2551
EQ-A02,2024-03-10 09:00:00,RUNNING,65.6,2.29,41.1,4.15,11.1,82.2,366
EQ-B01,2024-03-10 10:00:00,RUNNING,66.9,1.85,48.3,4.28,12.2,76.8,2222
EQ-C01,2024-03-10 11:00:00,RUNNING,64.7,2.35,45.1,4.42,12.1,76.4,4789
EQ-A01,2024-03-10 12:00:00,RUNNING,63.4,3.05,43.3,4.62,11.8,70.7,4890
EQ-A02,2024-03-10 13:00:00,RUNNING,64.2,2.17,46.3,4.47,12.7,70.2,1520
EQ-A02,2024-03-10 14:00:00,RUNNING,58.4,2.7,48.4,4.65,11.5,69.9,2954
EQ-A02,2024-03-10 15:00:00,RUNNING,71.1,2.31,43.0,4.86,11.9,64.9,2125
EQ-A02,2024-03-10 16:00:00,RUNNING,71.2,2.79,42.0,4.92,11.5,69.5,1519
EQ-A01,2024-03-10 17:00:00,RUNNING,62.3,3.47,49.1,4.34,12.9,63.6,1474
EQ-A02,2024-03-10 18:00:00,RUNNING,67.7,3.18,48.0,4.52,12.3,71.4,3028
EQ-A01,2024-03-10 19:00:00,RUNNING,65.1,2.42,44.6,4.84,12.1,83.5,433
EQ-A02,2024-03-10 20:00:00,RUNNING,65.7,3.6,47.5,4.47,12.1,70.8,3165
EQ-B01,2024-03-10 21:00:00,RUNNING,65.5,2.01,47.7,4.4,12.2,63.6,2918
EQ-A01,2024-03-10 22:00:00,RUNNING,64.2,2.31,46.8,4.66,12.5,77.2,1029
EQ-C01,2024-03-10 23:00:00,RUNNING,68.7,2.71,42.2,4.47,12.0,58.7,1953
EQ-B01,2024-03-11 00:00:00,RUNNING,62.0,3.52,44.5,4.47,10.9,68.3,2423
EQ-B01,2024-03-11 01:00:00,RUNNING,66.5,2.27,42.8,4.89,11.6,68.5,373
EQ-A02,2024-03-11 02:00:00,RUNNING,65.1,2.09,43.4,4.48,11.7,66.7,3416
EQ-C01,2024-03-11 03:00:00,RUNNING,66.7,2.93,44.5,4.69,11.8,65.5,4231
EQ-C01,2024-03-11 04:00:00,RUNNING,67.7,2.45,45.3,4.47,11.9,75.7,4689
EQ-B01,2024-03-11 05:00:00,RUNNING,65.5,3.13,45.9,4.85,12.8,66.9,1805
EQ-C01,2024-03-11 06:00:00,RUNNING,68.8,2.83,46.0,4.8,11.9,78.0,1686
EQ-A02,2024-03-11 07:00:00,RUNNING,61.8,1.79,46.1,4.48,12.0,71.0,1678
EQ-A02,2024-03-11 08:00:00,RUNNING,66.2,2.29,44.9,4.35,11.6,74.0,2512
EQ-A02,2024-03-11 09:00:00,RUNNING,68.6,2.26,44.7,4.42,11.7,81.1,3328
EQ-A02,2024-03-11 10:00:00,RUNNING,60.9,2.46,43.3,4.67,12.1,80.9,4950
EQ-B02,2024-03-11 11:00:00,RUNNING,67.2,2.54,46.5,4.75,11.5,78.9,1183
EQ-A01,2024-03-11 12:00:00,RUNNING,65.9,2.74,44.2,4.24,11.5,58.0,4502
EQ-A01,2024-03-11 13:00:00,RUNNING,62.9,3.72,46.6,4.6,12.5,73.7,2941
EQ-C01,2024-03-11 14:00:00,RUNNING,63.8,2.35,43.5,4.3,12.0,75.3,4510
EQ-A02,2024-03-11 15:00:00,RUNNING,69.0,3.01,42.0,4.41,11.4,62.0,1103
EQ-A02,2024-03-11 16:00:00,RUNNING,65.3,2.79,45.1,4.63,11.8,69.9,2307
EQ-B01,2024-03-11 17:00:00,RUNNING,63.9,3.18,45.7,4.04,12.1,81.4,841
EQ-A02,2024-03-11 18:00:00,RUNNING,67.3,3.14,42.0,4.54,11.8,78.0,4849
EQ-A01,2024-03-11 19:00:00,RUNNING,62.5,2.07,45.0,4.22,12.1,64.8,3739
EQ-B01,2024-03-11 20:00:00,RUNNING,68.5,1.11,46.8,4.33,11.3,75.8,3317
EQ-B01,2024-03-11 21:00:00,RUNNING,67.7,3.08,47.3,4.24,12.1,66.1,1196
EQ-A01,2024-03-11 22:00:00,RUNNING,65.2,2.67,44.2,3.95,11.7,84.5,1065
EQ-A02,2024-03-11 23:00:00,RUNNING,66.2,2.26,44.7,4.62,11.2,67.5,2088
EQ-B02,2024-03-12 00:00:00,RUNNING,62.8,2.24,48.6,4.52,11.7,75.3,3388
EQ-A02,2024-03-12 01:00:00,RUNNING,58.9,2.05,43.5,4.19,12.6,78.3,716
EQ-B02,2024-03-12 02:00:00,RUNNING,61.4,1.87,42.5,4.44,12.1,77.1,3866
EQ-B01,2024-03-12 03:00:00,RUNNING,62.0,2.41,44.9,4.86,12.4,67.8,4916
EQ-B01,2024-03-12 04:00:00,RUNNING,59.3,2.44,43.7,4.21,11.6,77.9,2376
EQ-A02,2024-03-12 05:00:00,RUNNING,60.5,3.42,43.6,4.69,11.7,67.4,637
EQ-A01,2024-03-12 06:00:00,RUNNING,64.6,1.87,45.3,4.49,11.7,75.8,3245
EQ-A02,2024-03-12 07:00:00,RUNNING,68.1,2.45,43.5,4.62,12.2,73.6,4976
EQ-B01,2024-03-12 08:00:00,RUNNING,69.1,2.35,48.0,4.3,12.4,73.9,861
EQ-C01,2024-03-12 09:00:00,RUNNING,65.8,1.49,49.3,4.6,12.5,68.1,1764
EQ-B02,2024-03-12 10:00:00,RUNNING,65.5,2.41,42.9,4.89,12.1,74.7,2900
EQ-C01,2024-03-12 11:00:00,RUNNING,66.9,2.07,45.3,4.53,12.1,80.1,901
EQ-C01,2024-03-12 12:00:00,RUNNING,63.7,2.24,43.8,4.3,12.6,74.6,1184
EQ-A02,2024-03-12 13:00:00,RUNNING,68.1,2.64,43.3,4.05,11.3,70.5,3340
EQ-B02,2024-03-12 14:00:00,RUNNING,68.1,3.15,45.2,4.78,11.7,71.9,722
EQ-A02,2024-03-12 15:00:00,RUNNING,67.3,2.58,46.5,4.52,11.8,73.9,918
EQ-B02,2024-03-12 16:00:00,RUNNING,65.9,2.62,43.1,4.46,11.2,73.3,3150
EQ-A02,2024-03-12 17:00:00,RUNNING,62.2,0.98,49.4,4.27,11.5,83.1,3383
EQ-A02,2024-03-12 18:00:00,RUNNING,61.5,1.77,44.6,4.35,11.7,70.4,3569
EQ-B01,2024-03-12 19:00:00,RUNNING,64.4,3.32,41.8,4.75,12.8,71.9,3978
EQ-B01,2024-03-12 20:00:00,RUNNING,66.1,2.44,41.6,4.87,12.0,72.4,1338
EQ-C01,2024-03-12 21:00:00,RUNNING,60.4,2.76,45.3,4.68,12.3,70.9,3365
EQ-B01,2024-03-12 22:00:00,RUNNING,54.7,2.45,44.6,4.55,12.8,74.8,3238
EQ-A01,2024-03-12 23:00:00,RUNNING,67.1,2.69,42.2,4.11,12.6,70.6,1262
EQ-A01,2024-03-13 00:00:00,RUNNING,66.1,1.99,46.5,4.57,11.9,78.3,3587
EQ-A01,2024-03-13 01:00:00,RUNNING,65.8,2.14,45.0,4.7,12.6,74.4,3774
EQ-A02,2024-03-13 02:00:00,RUNNING,70.4,2.13,41.9,4.08,12.0,75.1,316
EQ-A01,2024-03-13 03:00:00,RUNNING,65.4,2.17,49.5,4.95,11.4,74.5,4778
EQ-C01,2024-03-13 04:00:00,RUNNING,65.1,2.84,42.0,3.99,11.4,82.5,1397
EQ-C01,2024-03-13 05:00:00,RUNNING,63.0,2.9,46.2,4.45,12.4,68.9,2300
EQ-B01,2024-03-13 06:00:00,RUNNING,63.6,1.39,45.2,4.26,13.1,75.3,1225
EQ-B01,2024-03-13 07:00:00,RUNNING,67.5,2.83,44.8,4.8,12.0,77.4,600
EQ-A02,2024-03-13 08:00:00,RUNNING,72.1,2.6,43.9,4.29,12.0,75.6,1461
EQ-A01,2024-03-13 09:00:00,RUNNING,65.2,1.71,40.5,4.21,12.0,75.3,614
EQ-B01,2024-03-13 10:00:00,RUNNING,66.4,2.68,44.0,4.19,12.3,76.1,1986
EQ-B01,2024-03-13 11:00:00,RUNNING,61.7,2.81,46.9,4.74,12.5,71.2,3005
EQ-A01,2024-03-13 12:00:00,RUNNING,67.6,2.42,49.1,4.77,12.2,83.6,2703
EQ-A01,2024-03-13 13:00:00,RUNNING,63.5,2.78,49.5,4.74,12.1,73.7,2319
EQ-A02,2024-03-13 14:00:00,RUNNING,62.1,2.36,43.4,4.43,11.9,79.9,1243
EQ-A01,2024-03-13 15:00:00,RUNNING,63.8,2.2,46.8,4.71,11.9,78.0,4866
EQ-A01,2024-03-13 16:00:00,RUNNING,64.2,2.39,48.1,4.46,11.8,75.1,2553
EQ-A02,2024-03-13 17:00:00,RUNNING,59.1,2.42,45.5,5.09,12.0,77.2,504
EQ-C01,2024-03-13 18:00:00,RUNNING,66.0,3.63,47.0,4.06,12.6,70.3,3717
EQ-B02,2024-03-13 19:00:00,RUNNING,63.0,1.85,48.6,4.86,12.6,80.2,4943
EQ-B02,2024-03-13 20:00:00,RUNNING,67.1,2.34,45.4,4.35,11.6,71.8,1244
EQ-B01,2024-03-13 21:00:00,RUNNING,72.1,2.31,47.0,5.12,12.4,71.1,3918
EQ-C01,2024-03-13 22:00:00,RUNNING,62.8,2.56,49.5,4.93,12.3,74.0,1139
EQ-B01,2024-03-13 23:00:00,RUNNING,66.1,2.59,45.4,4.24,11.6,76.6,2158
EQ-A02,2024-03-14 00:00:00,RUNNING,61.5,2.19,45.1,4.6,12.6,68.7,1356
EQ-A01,2024-03-14 01:00:00,RUNNING,61.2,3.15,48.4,4.19,11.6,77.7,4210
EQ-C01,2024-03-14 02:00:00,RUNNING,65.1,2.53,43.4,4.72,11.9,73.6,2035
EQ-B01,2024-03-14 03:00:00,RUNNING,61.6,2.9,44.3,4.49,12.6,69.8,2732
EQ-C01,2024-03-14 04:00:00,RUNNING,64.7,1.72,44.0,4.89,11.2,76.2,996
EQ-C01,2024-03-14 05:00:00,RUNNING,69.8,2.77,43.8,4.17,11.0,82.8,1577
EQ-A01,2024-03-14 06:00:00,RUNNING,63.7,1.6,43.0,4.18,11.8,86.9,2578
EQ-C01,2024-03-14 07:00:00,RUNNING,67.8,2.74,47.4,5.05,12.3,82.2,4057
EQ-B02,2024-03-14 08:00:00,RUNNING,63.1,2.07,42.9,4.59,10.7,81.6,439
EQ-B02,2024-03-14 09:00:00,RUNNING,63.5,2.91,42.2,4.83,12.7,75.5,4136
EQ-B02,2024-03-14 10:00:00,RUNNING,66.6,1.99,45.1,4.79,11.8,82.6,4806
EQ-A02,2024-03-14 11:00:00,RUNNING,59.7,2.34,41.2,4.59,11.9,74.1,1811
EQ-A02,2024-03-14 12:00:00,RUNNING,67.2,2.36,50.6,4.74,12.0,71.6,1493
EQ-C01,2024-03-14 13:00:00,RUNNING,62.3,2.72,43.9,4.8,12.0,74.6,4929
EQ-C01,2024-03-14 14:00:00,RUNNING,65.3,2.42,45.6,5.12,12.3,77.1,3622
EQ-B01,2024-03-14 15:00:00,RUNNING,67.4,2.45,43.1,3.59,11.0,78.7,880
EQ-B01,2024-03-14 16:00:00,RUNNING,66.1,2.43,49.7,4.49,10.8,78.8,568
EQ-A02,2024-03-14 17:00:00,RUNNING,68.5,2.86,47.4,3.97,12.0,70.8,2887
EQ-B02,2024-03-14 18:00:00,RUNNING,66.6,3.26,44.3,4.7,11.6,74.9,4547
EQ-B01,2024-03-14 19:00:00,RUNNING,63.5,3.4,42.8,4.53,12.7,65.3,3649
EQ-B01,2024-03-14 20:00:00,RUNNING,66.3,2.56,43.6,4.86,12.9,78.3,569
EQ-C01,2024-03-14 21:00:00,RUNNING,64.1,1.78,45.4,4.45,12.0,72.5,2832
EQ-C01,2024-03-14 22:00:00,RUNNING,63.2,2.51,42.5,4.81,11.6,75.6,3043
EQ-C01,2024-03-14 23:00:00,RUNNING,64.0,2.83,46.2,4.65,11.4,74.0,4445
EQ-A02,2024-03-15 00:00:00,RUNNING,69.8,2.33,47.1,4.5,11.8,75.9,4535
EQ-A02,2024-03-15 01:00:00,RUNNING,62.5,2.95,43.3,4.67,12.5,77.1,2726
EQ-B02,2024-03-15 02:00:00,RUNNING,63.3,2.59,43.5,4.44,11.7,71.2,4014
EQ-A02,2024-03-15 03:00:00,RUNNING,66.9,2.99,47.1,4.57,12.7,71.6,3413
EQ-A02,2024-03-15 04:00:00,RUNNING,68.9,2.95,45.1,4.57,12.5,78.3,247
EQ-C01,2024-03-15 05:00:00,RUNNING,65.8,2.27,43.2,4.53,11.4,78.7,2280
EQ-B02,2024-03-15 06:00:00,RUNNING,59.7,2.65,44.4,4.37,11.9,60.6,4050
EQ-A02,2024-03-15 07:00:00,RUNNING,63.7,2.07,43.3,5.44,11.3,77.0,4888
EQ-A02,2024-03-15 08:00:00,RUNNING,62.6,2.04,42.3,4.84,12.6,71.9,3068
EQ-B01,2024-03-15 09:00:00,RUNNING,67.7,1.98,44.2,4.7,11.5,71.3,1875
EQ-B01,2024-03-15 10:00:00,RUNNING,65.1,2.52,42.8,5.17,11.6,79.8,3157
EQ-A01,2024-03-15 11:00:00,RUNNING,66.8,2.1,45.9,4.25,12.0,79.1,4897
EQ-B02,2024-03-15 12:00:00,RUNNING,63.3,2.71,43.8,4.55,12.1,73.2,1482
EQ-C01,2024-03-15 13:00:00,RUNNING,59.5,2.89,49.0,4.54,11.7,76.0,1402
EQ-A02,2024-03-15 14:00:00,RUNNING,68.4,3.14,46.8,4.63,12.3,75.6,1603
EQ-B01,2024-03-15 15:00:00,RUNNING,62.1,2.31,44.4,4.59,11.1,77.6,170
EQ-A01,2024-03-15 16:00:00,RUNNING,59.0,2.71,47.3,4.77,11.6,78.1,4468
EQ-A02,2024-03-15 17:00:00,RUNNING,67.1,3.35,45.7,4.81,11.8,70.7,2989
EQ-B02,2024-03-15 18:00:00,RUNNING,67.6,2.94,43.7,4.14,12.1,75.2,1476
EQ-B01,2024-03-15 19:00:00,RUNNING,65.7,2.94,47.1,4.5,11.5,71.4,3763
EQ-A02,2024-03-15 20:00:00,RUNNING,63.2,2.44,44.0,4.43,12.0,71.8,4625
EQ-B02,2024-03-15 21:00:00,RUNNING,66.0,3.41,44.7,4.3,12.2,71.0,1645
EQ-C01,2024-03-15 22:00:00,RUNNING,64.6,2.16,42.9,4.24,11.7,69.8,2163
EQ-A02,2024-03-15 23:00:00,RUNNING,68.8,2.72,46.9,4.09,11.9,77.1,204
EQ-A01,2024-03-16 00:00:00,RUNNING,70.0,2.12,42.4,4.56,11.7,83.5,1488
EQ-A02,2024-03-16 01:00:00,RUNNING,66.6,2.36,44.4,4.46,11.1,75.2,2112
EQ-B01,2024-03-16 02:00:00,RUNNING,63.5,2.82,43.2,4.7,12.3,75.8,814
EQ-B01,2024-03-16 03:00:00,RUNNING,68.8,1.56,45.9,4.49,12.0,70.1,4767
EQ-C01,2024-03-16 04:00:00,RUNNING,60.7,2.95,46.6,5.04,13.0,67.3,1533
EQ-C01,2024-03-16 05:00:00,RUNNING,64.5,2.63,46.9,4.93,11.5,72.3,193
EQ-A01,2024-03-16 06:00:00,RUNNING,69.1,1.66,42.8,4.63,13.0,66.6,3520
EQ-B02,2024-03-16 07:00:00,RUNNING,65.2,2.78,47.9,4.63,11.1,68.6,1494
EQ-B02,2024-03-16 08:00:00,RUNNING,69.1,2.72,42.7,4.65,12.2,62.5,425
EQ-A02,2024-03-16 09:00:00,RUNNING,58.7,2.66,49.1,4.58,10.8,66.9,3457
EQ-B02,2024-03-16 10:00:00,RUNNING,66.9,2.87,44.6,4.35,12.4,80.5,102
EQ-B01,2024-03-16 11:00:00,RUNNING,67.1,2.02,46.8,4.39,11.7,71.8,2907
EQ-A01,2024-03-16 12:00:00,RUNNING,65.1,2.79,41.0,4.28,11.8,80.2,4857
EQ-B01,2024-03-16 13:00:00,RUNNING,62.4,2.33,46.6,4.51,12.8,74.2,3625
EQ-A02,2024-03-16 14:00:00,RUNNING,70.6,3.53,45.9,4.63,12.3,79.1,1616
EQ-A01,2024-03-16 15:00:00,RUNNING,65.4,3.08,46.0,4.92,11.3,76.1,4009
EQ-B01,2024-03-16 16:00:00,RUNNING,68.0,1.93,45.9,4.68,12.9,73.3,422
EQ-A01,2024-03-16 17:00:00,RUNNING,65.6,2.22,44.7,4.99,12.0,71.5,1997
EQ-C01,2024-03-16 18:00:00,RUNNING,64.5,2.24,44.1,4.34,11.8,69.1,713
EQ-A01,2024-03-16 19:00:00,RUNNING,65.2,2.01,47.3,4.41,12.2,77.1,791
EQ-C01,2024-03-16 20:00:00,RUNNING,59.5,2.37,48.4,4.27,13.1,77.7,1899
EQ-A02,2024-03-16 21:00:00,RUNNING,66.6,2.62,47.1,4.83,12.0,72.8,3137
EQ-A02,2024-03-16 22:00:00,RUNNING,60.7,2.91,45.1,4.25,11.7,74.7,4513
EQ-C01,2024-03-16 23:00:00,RUNNING,62.1,2.52,41.8,4.34,11.4,76.0,1555
EQ-A02,2024-03-17 00:00:00,RUNNING,62.1,2.22,49.5,4.76,12.3,81.5,1413
EQ-B01,2024-03-17 01:00:00,RUNNING,66.5,1.8,42.4,3.69,12.1,69.7,3898
EQ-A01,2024-03-17 02:00:00,RUNNING,63.3,2.34,43.8,4.49,11.9,73.1,811
EQ-C01,2024-03-17 03:00:00,RUNNING,60.4,2.62,49.4,4.58,13.1,72.2,1920
EQ-B02,2024-03-17 04:00:00,RUNNING,64.2,2.49,44.7,4.85,10.9,72.7,147
EQ-A01,2024-03-17 05:00:00,RUNNING,70.0,2.25,46.9,4.68,12.0,76.6,3539
EQ-A01,2024-03-17 06:00:00,RUNNING,64.7,1.44,45.9,4.32,11.3,76.9,4432
EQ-A02,2024-03-17 07:00:00,RUNNING,66.0,2.99,44.5,4.76,12.0,76.7,3879
EQ-B02,2024-03-17 08:00:00,RUNNING,66.3,1.83,45.8,4.53,11.9,75.6,405
EQ-B01,2024-03-17 09:00:00,RUNNING,72.6,1.54,44.7,4.74,11.4,76.9,3376
EQ-B01,2024-03-17 10:00:00,RUNNING,65.9,1.71,43.8,5.04,11.2,72.8,3378
EQ-A01,2024-03-17 11:00:00,RUNNING,64.5,2.5,44.2,4.52,12.0,78.6,3524
EQ-A01,2024-03-17 12:00:00,RUNNING,67.5,2.72,45.5,4.03,12.1,80.6,3983
EQ-B02,2024-03-17 13:00:00,RUNNING,60.2,1.84,48.0,4.05,11.9,72.2,1163
EQ-B02,2024-03-17 14:00:00,RUNNING,69.3,2.65,46.6,4.52,13.0,71.3,2405
EQ-A02,2024-03-17 15:00:00,RUNNING,66.0,3.13,48.0,4.42,11.0,73.1,4406
EQ-B01,2024-03-17 16:00:00,RUNNING,70.2,2.12,45.6,4.41,12.0,81.6,184
EQ-A01,2024-03-17 17:00:00,RUNNING,65.8,3.52,47.0,4.54,12.0,76.7,4789
EQ-B01,2024-03-17 18:00:00,RUNNING,61.3,1.97,46.5,4.78,11.3,79.3,1969
EQ-B02,2024-03-17 19:00:00,RUNNING,64.5,2.08,44.4,4.77,12.3,76.5,1521
EQ-A02,2024-03-17 20:00:00,RUNNING,66.1,1.93,46.1,4.36,13.0,73.1,2323
EQ-B02,2024-03-17 21:00:00,RUNNING,71.7,2.42,44.8,4.41,11.4,81.6,838
EQ-B02,2024-03-17 22:00:00,RUNNING,65.3,2.81,48.2,4.46,12.0,75.7,3586
EQ-A02,2024-03-17 23:00:00,RUNNING,61.2,1.59,42.0,4.87,11.8,78.9,1926
EQ-A01,2024-03-18 00:00:00,RUNNING,64.2,1.71,46.7,4.23,12.3,79.6,1784
EQ-A02,2024-03-18 01:00:00,RUNNING,64.9,2.74,42.2,5.38,12.2,78.9,3461
EQ-A01,2024-03-18 02:00:00,RUNNING,67.8,2.43,45.2,4.83,11.8,77.0,201
EQ-C01,2024-03-18 03:00:00,RUNNING,66.4,2.13,45.9,3.99,12.5,82.8,2221
EQ-B01,2024-03-18 04:00:00,RUNNING,67.7,3.25,43.5,4.43,12.1,75.6,863
EQ-B02,2024-03-18 05:00:00,RUNNING,63.7,2.04,48.5,4.25,12.8,77.5,2554
EQ-A02,2024-03-18 06:00:00,RUNNING,65.6,2.77,48.0,3.71,12.2,75.7,1738
EQ-A01,2024-03-18 07:00:00,RUNNING,65.6,2.97,43.8,4.15,11.3,70.5,3287
EQ-B01,2024-03-18 08:00:00,RUNNING,67.1,2.75,46.8,4.36,11.8,83.3,2361
EQ-B01,2024-03-18 09:00:00,RUNNING,68.1,2.88,41.4,5.09,12.0,75.9,1052
EQ-A02,2024-03-18 10:00:00,RUNNING,66.3,2.58,44.7,4.54,12.3,79.2,3866
EQ-A02,2024-03-18 11:00:00,RUNNING,68.7,1.95,43.9,4.76,11.2,75.8,3900
EQ-B02,2024-03-18 12:00:00,RUNNING,62.6,2.78,43.3,4.39,11.9,76.2,3281
EQ-C01,2024-03-18 13:00:00,RUNNING,67.9,3.02,45.4,4.17,13.3,74.6,3065
EQ-B02,2024-03-18 14:00:00,RUNNING,65.8,2.62,45.7,4.25,12.2,84.1,3542
EQ-A01,2024-03-18 15:00:00,RUNNING,59.0,2.52,42.8,4.8,12.6,74.4,3556
EQ-A02,2024-03-18 16:00:00,RUNNING,65.2,2.06,40.3,4.42,11.9,75.2,2156
EQ-C01,2024-03-18 17:00:00,RUNNING,55.2,1.64,42.0,4.52,12.3,69.2,2494
EQ-A02,2024-03-18 18:00:00,RUNNING,64.2,2.21,49.1,4.38,11.8,70.9,468
EQ-B01,2024-03-18 19:00:00,RUNNING,59.3,2.82,44.5,4.38,12.1,67.1,3610
EQ-A01,2024-03-18 20:00:00,RUNNING,70.3,1.59,48.6,4.5,11.8,78.4,3977
EQ-B01,2024-03-18 21:00:00,RUNNING,64.0,2.97,45.6,4.71,12.5,74.1,2886
EQ-A01,2024-03-18 22:00:00,RUNNING,67.9,2.76,47.7,4.39,12.7,71.1,4291
EQ-C01,2024-03-18 23:00:00,RUNNING,59.0,1.82,44.3,4.58,12.0,78.9,3715
EQ-A01,2024-03-19 00:00:00,RUNNING,61.4,3.36,47.7,4.78,12.6,67.2,808
EQ-B02,2024-03-19 01:00:00,RUNNING,67.1,2.87,46.9,4.75,12.2,77.0,4725
EQ-A02,2024-03-19 02:00:00,RUNNING,68.6,2.19,45.7,4.33,11.9,61.6,1512
EQ-B01,2024-03-19 03:00:00,RUNNING,62.4,2.28,44.2,4.4,11.4,73.3,1597
EQ-A01,2024-03-19 04:00:00,RUNNING,68.3,2.35,47.6,4.87,11.7,77.8,1481
EQ-B01,2024-03-19 05:00:00,RUNNING,61.1,1.97,45.2,4.65,12.8,74.2,4690
EQ-A02,2024-03-19 06:00:00,RUNNING,65.5,2.55,48.6,4.9,12.2,79.0,3747
EQ-B01,2024-03-19 07:00:00,RUNNING,66.0,3.04,46.7,4.41,12.0,75.8,2284
EQ-B01,2024-03-19 08:00:00,RUNNING,65.5,2.25,45.7,4.35,11.7,74.4,737
EQ-B02,2024-03-19 09:00:00,RUNNING,65.8,3.11,46.4,4.83,12.9,72.1,1478
EQ-A02,2024-03-19 10:00:00,RUNNING,67.1,2.88,45.5,4.77,12.0,78.4,2300
EQ-B01,2024-03-19 11:00:00,RUNNING,60.8,2.5,46.4,4.81,11.6,74.6,3609
EQ-B01,2024-03-19 12:00:00,RUNNING,61.8,2.31,45.6,4.81,12.5,76.1,1708
EQ-C01,2024-03-19 13:00:00,RUNNING,63.0,2.43,50.1,4.08,11.4,75.9,3284
EQ-C01,2024-03-19 14:00:00,RUNNING,67.1,2.93,45.6,4.04,11.9,66.2,2193
EQ-B02,2024-03-19 15:00:00,RUNNING,66.2,2.73,44.7,4.15,11.6,66.9,4771
EQ-A01,2024-03-19 16:00:00,RUNNING,64.8,4.08,44.8,4.37,12.1,69.2,1455
EQ-B01,2024-03-19 17:00:00,RUNNING,61.7,2.19,46.8,4.6,11.9,78.7,2503
EQ-C01,2024-03-19 18:00:00,RUNNING,70.1,2.87,43.0,3.93,11.1,79.3,3128
EQ-A02,2024-03-19 19:00:00,RUNNING,62.7,2.91,44.1,4.62,12.4,71.1,3200
EQ-A02,2024-03-19 20:00:00,RUNNING,67.5,2.17,43.6,4.75,12.3,77.3,3524
EQ-C01,2024-03-19 21:00:00,RUNNING,61.7,2.31,46.4,5.19,12.9,72.7,4751
EQ-A01,2024-03-19 22:00:00,RUNNING,63.0,3.36,46.2,4.36,12.1,68.8,2400
EQ-B02,2024-03-19 23:00:00,RUNNING,68.0,3.2,48.1,4.84,11.8,79.5,1516
EQ-A02,2024-03-20 00:00:00,RUNNING,69.4,2.97,46.7,4.56,11.5,84.3,4324
EQ-B02,2024-03-20 01:00:00,RUNNING,64.9,3.11,50.0,4.77,12.6,70.3,2280
EQ-A01,2024-03-20 02:00:00,RUNNING,62.8,3.13,43.9,4.1,11.2,73.9,199
EQ-A01,2024-03-20 03:00:00,RUNNING,64.3,3.0,43.0,4.91,11.4,69.1,4979
EQ-B01,2024-03-20 04:00:00,RUNNING,65.4,2.53,46.2,4.15,12.2,66.6,1960
EQ-C01,2024-03-20 05:00:00,RUNNING,58.4,3.41,47.1,4.5,11.0,72.7,2862
EQ-B01,2024-03-20 06:00:00,RUNNING,66.3,2.27,48.1,4.69,11.5,67.0,4046
EQ-B01,2024-03-20 07:00:00,RUNNING,67.6,2.92,46.5,5.01,12.2,75.5,1528
EQ-A01,2024-03-20 08:00:00,RUNNING,67.3,3.12,46.4,4.51,12.5,75.5,3301
EQ-B01,2024-03-20 09:00:00,RUNNING,63.5,2.56,44.4,4.47,11.6,80.0,2020
EQ-B01,2024-03-20 10:00:00,RUNNING,65.6,2.86,46.0,4.23,12.7,73.9,4933
EQ-C01,2024-03-20 11:00:00,RUNNING,63.9,2.61,45.5,5.28,12.3,72.6,231
EQ-A01,2024-03-20 12:00:00,RUNNING,70.7,1.68,44.0,4.33,12.0,76.7,4864
EQ-A02,2024-03-20 13:00:00,RUNNING,66.3,2.71,46.3,4.48,12.6,66.9,4007
EQ-C01,2024-03-20 14:00:00,RUNNING,57.3,2.87,44.3,5.02,12.5,77.9,736
EQ-B01,2024-03-20 15:00:00,RUNNING,63.5,2.84,44.2,4.52,11.8,76.3,3600
EQ-A01,2024-03-20 16:00:00,RUNNING,64.2,3.0,45.9,4.35,11.8,68.6,2596
EQ-B02,2024-03-20 17:00:00,RUNNING,59.1,2.97,44.3,4.13,12.2,71.4,3463
EQ-A01,2024-03-20 18:00:00,RUNNING,64.8,1.85,46.3,4.53,12.2,72.9,2505
EQ-A02,2024-03-20 19:00:00,RUNNING,65.7,1.77,49.5,4.62,12.9,73.7,3832
EQ-C01,2024-03-20 20:00:00,RUNNING,61.9,2.25,44.9,4.47,12.9,70.7,4380
EQ-B01,2024-03-20 21:00:00,RUNNING,63.2,2.86,41.8,4.49,12.1,77.2,2359
EQ-A02,2024-03-20 22:00:00,RUNNING,66.0,3.49,43.2,4.31,12.3,76.1,3844
EQ-A01,2024-03-20 23:00:00,RUNNING,66.1,1.8,49.4,4.64,11.2,78.1,3345
EQ-B02,2024-03-21 00:00:00,RUNNING,61.7,2.96,42.4,4.8,11.4,70.1,774
EQ-C01,2024-03-21 01:00:00,RUNNING,65.4,2.19,43.9,4.04,11.8,79.4,3797
EQ-B01,2024-03-21 02:00:00,RUNNING,70.6,2.91,46.4,3.99,12.0,71.7,3504
EQ-B01,2024-03-21 03:00:00,RUNNING,60.5,1.86,46.3,4.33,11.3,71.8,3492
EQ-B02,2024-03-21 04:00:00,RUNNING,65.9,2.16,42.6,4.22,12.4,64.6,1176
EQ-B02,2024-03-21 05:00:00,RUNNING,64.2,2.44,43.5,4.21,12.5,79.9,2015
EQ-B02,2024-03-21 06:00:00,RUNNING,65.3,2.23,45.2,4.62,11.9,77.2,4633
EQ-A01,2024-03-21 07:00:00,RUNNING,63.9,0.92,44.6,4.71,12.0,76.7,3112
EQ-B01,2024-03-21 08:00:00,RUNNING,64.2,2.4,45.3,5.08,12.4,78.5,813
EQ-C01,2024-03-21 09:00:00,RUNNING,65.6,1.83,47.5,4.77,12.2,74.8,3153
EQ-C01,2024-03-21 10:00:00,RUNNING,66.6,2.38,46.5,4.25,11.0,69.0,4779
EQ-A01,2024-03-21 11:00:00,RUNNING,65.4,2.35,44.7,4.11,12.2,69.8,589
EQ-A02,2024-03-21 12:00:00,RUNNING,66.5,1.79,43.3,4.21,12.3,72.7,3809
EQ-B02,2024-03-21 13:00:00,RUNNING,66.3,3.07,48.6,4.57,11.4,81.3,1467
EQ-C01,2024-03-21 14:00:00,RUNNING,69.5,2.47,47.6,4.6,11.2,71.8,1001
EQ-A01,2024-03-21 15:00:00,RUNNING,63.5,2.32,43.1,4.21,12.7,66.3,4335
EQ-B01,2024-03-21 16:00:00,RUNNING,62.8,2.81,43.9,4.62,11.8,77.2,2840
EQ-A01,2024-03-21 17:00:00,RUNNING,61.9,1.57,44.2,3.96,12.0,69.3,3822
EQ-C01,2024-03-21 18:00:00,RUNNING,61.6,3.24,45.5,4.04,12.0,74.3,3254
EQ-A01,2024-03-21 19:00:00,RUNNING,58.8,2.67,46.9,4.37,11.9,72.2,2476
EQ-A02,2024-03-21 20:00:00,RUNNING,66.2,2.38,44.6,4.26,13.0,73.7,3076
EQ-B02,2024-03-21 21:00:00,RUNNING,67.1,2.63,39.9,4.39,11.4,79.9,3609
EQ-A01,2024-03-21 22:00:00,RUNNING,61.2,2.75,47.0,4.58,12.0,73.0,2864
EQ-A01,2024-03-21 23:00:00,RUNNING,64.6,1.83,45.4,4.82,11.6,75.1,1966
EQ-A02,2024-03-22 00:00:00,RUNNING,64.7,2.66,43.9,4.05,11.4,63.4,3738
EQ-B01,2024-03-22 01:00:00,RUNNING,67.3,2.7,45.0,4.29,11.9,74.9,3580
EQ-C01,2024-03-22 02:00:00,RUNNING,63.4,2.26,47.6,4.12,12.5,66.9,4271
EQ-A02,2024-03-22 03:00:00,RUNNING,69.8,1.31,45.9,4.3,11.9,74.3,1830
EQ-A01,2024-03-22 04:00:00,RUNNING,66.8,1.52,44.9,4.56,11.7,74.4,3346
EQ-B02,2024-03-22 05:00:00,RUNNING,63.0,2.78,45.7,4.57,12.3,81.2,3704
EQ-A02,2024-03-22 06:00:00,RUNNING,62.0,3.61,45.8,4.35,13.1,72.9,282
EQ-B02,2024-03-22 07:00:00,RUNNING,61.4,2.25,43.9,4.83,11.9,75.5,3958
EQ-A01,2024-03-22 08:00:00,RUNNING,65.2,3.08,44.4,4.44,11.7,72.9,4589
EQ-A02,2024-03-22 09:00:00,RUNNING,66.6,2.86,48.4,4.47,11.9,77.0,1599
EQ-A02,2024-03-22 10:00:00,RUNNING,63.6,2.18,45.6,4.38,11.9,78.0,3545
EQ-B02,2024-03-22 11:00:00,RUNNING,65.9,3.5,46.8,4.27,11.8,68.1,3994
EQ-C01,2024-03-22 12:00:00,RUNNING,62.1,3.13,44.4,4.08,11.0,67.6,2403
EQ-A01,2024-03-22 13:00:00,RUNNING,62.6,2.5,44.2,4.71,11.5,81.1,232
EQ-C01,2024-03-22 14:00:00,RUNNING,64.6,2.73,44.0,4.81,11.3,68.8,3803
EQ-C01,2024-03-22 15:00:00,RUNNING,62.1,3.09,44.5,4.22,11.9,75.9,4253
EQ-B02,2024-03-22 16:00:00,RUNNING,61.8,2.58,44.7,4.35,11.4,79.4,2795
EQ-A02,2024-03-22 17:00:00,RUNNING,63.6,1.03,45.7,4.61,12.5,77.1,4215
EQ-B01,2024-03-22 18:00:00,RUNNING,65.4,2.26,44.0,4.7,11.9,67.8,4997
EQ-A01,2024-03-22 19:00:00,RUNNING,64.0,2.47,41.0,4.72,12.0,68.2,3272
EQ-B02,2024-03-22 20:00:00,RUNNING,64.1,2.45,46.9,4.78,12.5,76.9,1781
EQ-C01,2024-03-22 21:00:00,RUNNING,63.0,2.05,43.6,4.48,12.0,80.1,3497
EQ-A02,2024-03-22 22:00:00,RUNNING,64.2,1.49,42.6,4.21,11.5,61.0,2595
EQ-A02,2024-03-22 23:00:00,RUNNING,69.7,1.41,43.9,4.7,12.3,67.7,4319
EQ-C01,2024-03-23 00:00:00,RUNNING,68.6,3.03,44.6,4.51,11.5,76.3,4226
EQ-B02,2024-03-23 01:00:00,RUNNING,65.7,2.26,46.3,4.6,13.6,70.5,3375
EQ-A01,2024-03-23 02:00:00,RUNNING,69.0,2.07,46.1,3.72,11.7,77.4,2679
EQ-B01,2024-03-23 03:00:00,RUNNING,65.7,1.5,44.2,4.94,12.5,79.8,279
EQ-B01,2024-03-23 04:00:00,RUNNING,72.1,1.63,44.2,4.51,11.6,75.6,4777
EQ-A02,2024-03-23 05:00:00,RUNNING,68.9,2.56,40.6,4.7,12.0,64.1,1238
EQ-A01,2024-03-23 06:00:00,RUNNING,63.2,1.63,44.4,4.35,11.2,76.3,3830
EQ-A01,2024-03-23 07:00:00,RUNNING,61.8,3.16,45.3,4.42,12.6,76.3,2249
EQ-C01,2024-03-23 08:00:00,RUNNING,66.0,2.47,44.4,4.62,12.8,57.9,3561
EQ-A01,2024-03-23 09:00:00,RUNNING,70.6,2.0,45.4,3.98,12.7,68.1,4565
EQ-B02,2024-03-23 10:00:00,RUNNING,68.4,2.38,44.7,4.12,12.6,74.3,3727
EQ-A01,2024-03-23 11:00:00,RUNNING,67.2,1.47,43.2,4.58,11.2,76.8,3435
EQ-B02,2024-03-23 12:00:00,RUNNING,63.0,2.11,46.0,4.55,11.4,80.6,1787
EQ-A02,2024-03-23 13:00:00,RUNNING,66.5,1.49,44.4,4.61,11.9,58.4,601
EQ-A01,2024-03-23 14:00:00,RUNNING,65.2,2.88,44.8,4.52,12.5,67.1,3394
EQ-A02,2024-03-23 15:00:00,RUNNING,67.2,2.67,41.8,4.71,12.9,76.7,4833
EQ-A01,2024-03-23 16:00:00,RUNNING,66.7,1.97,43.8,4.19,12.2,72.4,3987
EQ-A02,2024-03-23 17:00:00,RUNNING,63.3,2.85,48.3,4.47,11.2,75.2,4853
EQ-C01,2024-03-23 18:00:00,RUNNING,65.6,2.92,44.4,4.76,12.4,73.5,1552
EQ-C01,2024-03-23 19:00:00,RUNNING,67.5,2.97,42.8,4.79,11.9,73.8,756
EQ-C01,2024-03-23 20:00:00,RUNNING,64.7,3.12,47.5,4.64,12.1,74.5,4495
EQ-A02,2024-03-23 21:00:00,RUNNING,73.1,2.16,44.1,4.59,11.5,80.2,4118
EQ-A01,2024-03-23 22:00:00,RUNNING,60.6,2.14,44.2,4.2,12.5,68.4,4702
EQ-A02,2024-03-23 23:00:00,RUNNING,62.1,2.16,46.7,4.94,12.3,68.4,3529
EQ-B01,2024-03-24 00:00:00,RUNNING,63.1,3.29,45.1,4.07,13.1,72.2,1771
EQ-A02,2024-03-24 01:00:00,RUNNING,64.8,2.16,43.1,4.89,12.1,76.6,3898
EQ-A01,2024-03-24 02:00:00,RUNNING,61.2,2.35,43.8,4.25,12.2,73.3,3848
EQ-A01,2024-03-24 03:00:00,RUNNING,67.1,2.86,44.1,4.64,11.8,71.1,4473
EQ-B02,2024-03-24 04:00:00,RUNNING,61.8,2.54,43.5,4.91,12.8,77.4,2622
EQ-C01,2024-03-24 05:00:00,RUNNING,65.7,2.51,49.7,5.09,11.9,74.0,2249
EQ-A02,2024-03-24 06:00:00,RUNNING,66.0,1.91,41.4,4.1,11.8,70.3,3419
EQ-C01,2024-03-24 07:00:00,RUNNING,69.4,1.77,42.3,3.95,11.7,73.0,2491
EQ-A02,2024-03-24 08:00:00,RUNNING,64.8,2.48,43.8,4.18,12.2,70.5,347
EQ-A02,2024-03-24 09:00:00,RUNNING,67.3,1.76,43.5,5.11,13.1,68.2,4944
EQ-C01,2024-03-24 10:00:00,RUNNING,68.6,3.31,47.1,4.48,11.0,75.4,2020
EQ-A01,2024-03-24 11:00:00,RUNNING,66.2,2.62,46.0,4.26,11.8,63.0,2044
EQ-B01,2024-03-24 12:00:00,RUNNING,67.7,2.05,44.5,4.58,11.7,69.6,2577
EQ-C01,2024-03-24 13:00:00,RUNNING,65.8,1.61,46.5,4.7,11.7,72.5,257
EQ-A01,2024-03-24 14:00:00,RUNNING,62.0,2.31,44.6,4.4,12.7,66.3,2412
EQ-B01,2024-03-24 15:00:00,RUNNING,62.3,2.87,49.1,4.24,12.5,69.2,4733
EQ-C01,2024-03-24 16:00:00,RUNNING,63.8,2.51,43.6,4.37,11.3,78.4,3528
EQ-B02,2024-03-24 17:00:00,RUNNING,62.3,2.17,43.4,4.28,12.1,75.3,319
EQ-B02,2024-03-24 18:00:00,RUNNING,72.6,2.38,44.8,4.9,12.1,74.5,1571
EQ-A01,2024-03-24 19:00:00,RUNNING,64.6,2.6,46.9,4.9,12.5,77.3,2885
EQ-C01,2024-03-24 20:00:00,RUNNING,65.6,3.52,44.1,4.71,12.6,80.2,3697
EQ-A02,2024-03-24 21:00:00,RUNNING,62.7,3.91,48.3,4.82,11.5,79.9,116
EQ-B01,2024-03-24 22:00:00,RUNNING,58.1,2.38,45.2,4.37,12.8,75.5,2217
EQ-C01,2024-03-24 23:00:00,RUNNING,62.1,2.88,45.8,3.97,12.7,75.5,4445
EQ-A02,2024-03-25 00:00:00,RUNNING,68.0,2.71,44.3,4.63,11.9,76.5,2324
EQ-A02,2024-03-25 01:00:00,RUNNING,66.8,2.57,45.9,4.39,11.7,78.9,4699
EQ-C01,2024-03-25 02:00:00,RUNNING,69.4,2.24,45.6,4.08,12.9,80.7,2376
EQ-A02,2024-03-25 03:00:00,RUNNING,63.2,2.32,47.4,4.55,12.3,70.1,544
EQ-A02,2024-03-25 04:00:00,RUNNING,66.7,2.43,45.6,4.38,11.9,75.5,717
EQ-B02,2024-03-25 05:00:00,RUNNING,63.2,3.63,42.9,4.65,12.2,78.8,4513
EQ-A01,2024-03-25 06:00:00,RUNNING,57.5,1.66,43.9,4.78,11.9,73.5,3493
EQ-B02,2024-03-25 07:00:00,RUNNING,65.0,2.08,45.9,4.56,12.3,82.6,4212
EQ-A01,2024-03-25 08:00:00,RUNNING,64.3,2.56,43.0,4.12,12.0,75.5,3265
EQ-B02,2024-03-25 09:00:00,RUNNING,67.1,2.79,45.5,5.01,11.8,74.1,2320
EQ-A02,2024-03-25 10:00:00,RUNNING,65.8,1.91,46.4,4.52,12.0,77.7,1033
EQ-B01,2024-03-25 11:00:00,RUNNING,66.1,2.71,44.2,4.97,11.3,71.6,4422
EQ-C01,2024-03-25 12:00:00,RUNNING,63.3,2.14,41.5,4.99,12.3,71.8,524
EQ-A01,2024-03-25 13:00:00,RUNNING,67.1,2.42,44.4,4.21,12.0,71.8,3209
EQ-B01,2024-03-25 14:00:00,RUNNING,62.1,2.98,43.4,4.92,11.6,67.5,4858
EQ-A02,2024-03-25 15:00:00,RUNNING,66.6,2.28,41.8,4.58,11.3,65.1,4286
EQ-A01,2024-03-25 16:00:00,RUNNING,67.0,3.24,44.2,4.86,12.4,78.3,2791
EQ-A01,2024-03-25 17:00:00,RUNNING,64.5,2.2,45.7,4.69,11.4,73.4,1736
EQ-B02,2024-03-25 18:00:00,RUNNING,64.4,2.36,43.6,4.1,11.8,73.6,479
EQ-A01,2024-03-25 19:00:00,RUNNING,63.6,2.82,42.3,4.58,11.1,74.7,3999
EQ-A01,2024-03-25 20:00:00,RUNNING,58.2,2.06,45.0,4.07,11.3,79.9,1378
EQ-B02,2024-03-25 21:00:00,RUNNING,60.2,2.44,48.0,4.54,12.0,71.4,2544
EQ-A01,2024-03-25 22:00:00,RUNNING,62.9,2.42,41.0,4.8,12.1,66.3,3755
EQ-A01,2024-03-25 23:00:00,RUNNING,68.1,2.84,45.9,5.17,12.0,82.7,1767
EQ-A01,2024-03-26 00:00:00,RUNNING,65.1,2.73,43.9,3.93,11.1,74.6,4303
EQ-C01,2024-03-26 01:00:00,RUNNING,64.3,1.91,44.4,4.64,12.6,71.5,357
EQ-C01,2024-03-26 02:00:00,RUNNING,66.2,3.37,46.5,4.27,12.1,75.9,637
EQ-B02,2024-03-26 03:00:00,RUNNING,66.9,2.52,46.0,4.81,11.5,68.4,1405
EQ-B02,2024-03-26 04:00:00,RUNNING,66.8,2.42,46.7,4.83,11.1,70.8,1330
EQ-C01,2024-03-26 05:00:00,RUNNING,64.6,1.99,44.1,4.12,11.8,70.2,1456
EQ-C01,2024-03-26 06:00:00,RUNNING,66.0,2.95,45.8,5.28,12.5,79.5,3496
EQ-C01,2024-03-26 07:00:00,RUNNING,64.8,2.35,47.5,4.42,12.0,74.1,1524
EQ-B01,2024-03-26 08:00:00,RUNNING,66.6,2.95,47.1,4.41,12.1,76.7,2550
EQ-C01,2024-03-26 09:00:00,RUNNING,69.4,1.61,45.0,4.31,11.7,70.7,2772
EQ-A01,2024-03-26 10:00:00,RUNNING,66.6,1.27,44.7,3.95,11.7,73.9,257
EQ-B02,2024-03-26 11:00:00,RUNNING,63.8,2.84,47.5,5.09,12.0,80.8,1306
EQ-C01,2024-03-26 12:00:00,RUNNING,69.4,2.26,47.5,3.85,12.1,83.0,4258
EQ-C01,2024-03-26 13:00:00,RUNNING,65.3,2.4,44.6,4.94,11.2,73.0,2876
EQ-C01,2024-03-26 14:00:00,RUNNING,67.5,2.66,47.4,4.7,11.8,77.9,1606
EQ-B02,2024-03-26 15:00:00,RUNNING,61.0,1.49,43.8,4.52,11.6,75.9,2357
EQ-A01,2024-03-26 16:00:00,RUNNING,65.2,1.57,43.9,4.78,12.2,71.5,716
EQ-B02,2024-03-26 17:00:00,RUNNING,66.9,3.38,44.2,4.72,12.3,72.6,4522
EQ-A01,2024-03-26 18:00:00,RUNNING,61.6,3.33,47.2,4.42,12.6,77.8,3565
EQ-C01,2024-03-26 19:00:00,RUNNING,68.6,1.6,44.2,4.97,13.3,73.1,1020
EQ-C01,2024-03-26 20:00:00,RUNNING,63.8,2.84,45.7,4.66,10.9,73.8,3252
EQ-A01,2024-03-26 21:00:00,RUNNING,67.4,1.32,41.8,3.97,12.3,70.4,1504
EQ-B02,2024-03-26 22:00:00,RUNNING,61.4,2.53,42.5,4.64,13.2,73.2,3427
EQ-B02,2024-03-26 23:00:00,RUNNING,59.2,2.27,46.0,4.62,12.4,72.0,1184
EQ-A01,2024-03-27 00:00:00,RUNNING,64.2,1.27,46.2,4.11,12.1,70.6,4666
EQ-A01,2024-03-27 01:00:00,RUNNING,64.7,2.98,44.1,4.28,12.0,71.8,4444
EQ-A02,2024-03-27 02:00:00,RUNNING,62.2,3.43,41.3,4.7,11.9,70.9,237
EQ-A02,2024-03-27 03:00:00,RUNNING,66.0,2.52,47.6,4.16,11.7,80.1,1083
EQ-B02,2024-03-27 04:00:00,RUNNING,64.4,2.77,47.4,4.67,11.7,73.2,565
EQ-A02,2024-03-27 05:00:00,RUNNING,68.7,2.58,44.6,4.62,11.4,73.8,3551
EQ-A02,2024-03-27 06:00:00,RUNNING,64.8,2.45,44.2,4.41,11.9,82.3,2267
EQ-B01,2024-03-27 07:00:00,RUNNING,58.4,2.85,44.8,4.48,11.8,77.5,2306
EQ-A02,2024-03-27 08:00:00,RUNNING,67.9,1.55,49.2,4.54,12.1,68.0,2771
EQ-C01,2024-03-27 09:00:00,RUNNING,63.3,3.18,45.1,4.62,11.8,84.9,3225
EQ-A02,2024-03-27 10:00:00,RUNNING,64.5,3.07,44.7,4.6,12.2,79.6,2173
EQ-B01,2024-03-27 11:00:00,RUNNING,67.2,2.26,47.3,4.2,11.4,73.5,4375
EQ-B02,2024-03-27 12:00:00,RUNNING,66.2,1.99,44.8,4.08,11.9,79.9,148
EQ-A01,2024-03-27 13:00:00,RUNNING,62.5,1.89,45.8,4.26,13.2,76.0,1563
EQ-A01,2024-03-27 14:00:00,RUNNING,68.1,1.84,45.9,4.2,11.9,71.2,2518
EQ-A02,2024-03-27 15:00:00,RUNNING,68.1,2.66,45.2,4.91,12.0,80.2,2543
EQ-A02,2024-03-27 16:00:00,RUNNING,70.4,2.57,45.5,4.79,12.7,75.6,3163
EQ-A02,2024-03-27 17:00:00,RUNNING,63.1,2.93,46.1,4.76,12.3,76.0,3440
EQ-C01,2024-03-27 18:00:00,RUNNING,65.8,2.85,42.1,4.9,12.2,70.8,252
EQ-C01,2024-03-27 19:00:00,RUNNING,65.6,3.16,45.6,4.28,11.4,87.3,837
EQ-A02,2024-03-27 20:00:00,RUNNING,59.8,2.67,43.8,4.81,11.4,83.0,1925
EQ-B02,2024-03-27 21:00:00,RUNNING,64.6,2.39,44.4,4.32,11.8,78.6,3083
EQ-A02,2024-03-27 22:00:00,RUNNING,59.8,2.13,48.0,4.47,11.7,68.6,173
EQ-A02,2024-03-27 23:00:00,RUNNING,61.5,2.99,43.4,4.74,11.5,74.4,4616
EQ-B01,2024-03-28 00:00:00,RUNNING,64.8,2.12,45.2,3.87,12.0,77.2,4768
EQ-B02,2024-03-28 01:00:00,RUNNING,62.5,2.61,45.3,4.56,11.3,75.5,3418
EQ-A01,2024-03-28 02:00:00,RUNNING,59.8,2.19,45.0,4.56,11.4,73.6,2147
EQ-C01,2024-03-28 03:00:00,RUNNING,67.4,2.01,40.7,4.66,11.5,71.8,3186
EQ-B02,2024-03-28 04:00:00,RUNNING,65.4,2.54,47.0,4.43,12.0,66.5,106
EQ-A02,2024-03-28 05:00:00,RUNNING,66.9,2.15,51.5,4.44,12.2,78.2,2505
EQ-A02,2024-03-28 06:00:00,RUNNING,64.7,2.72,49.5,4.27,10.9,68.5,3175
EQ-B01,2024-03-28 07:00:00,RUNNING,68.0,2.26,49.7,4.72,11.7,71.1,1189
EQ-B01,2024-03-28 08:00:00,RUNNING,63.7,1.47,45.6,4.71,11.5,67.2,444
EQ-B01,2024-03-28 09:00:00,RUNNING,62.3,3.0,46.6,4.56,12.8,66.6,3007
EQ-A02,2024-03-28 10:00:00,RUNNING,64.4,2.78,46.6,4.74,12.4,81.6,3580
EQ-B01,2024-03-28 11:00:00,RUNNING,67.3,1.92,44.1,3.99,12.5,81.0,4206
EQ-A01,2024-03-28 12:00:00,RUNNING,61.3,2.31,41.5,4.46,11.6,69.2,4464
EQ-B02,2024-03-28 13:00:00,RUNNING,64.9,3.44,46.6,4.42,12.0,84.4,3108
EQ-B01,2024-03-28 14:00:00,RUNNING,68.8,2.34,46.0,4.2,12.0,78.8,233
EQ-A02,2024-03-28 15:00:00,RUNNING,68.1,2.18,47.0,4.54,11.9,84.5,3377
EQ-B01,2024-03-28 16:00:00,RUNNING,63.9,1.95,43.7,4.72,11.5,79.1,4278
EQ-C01,2024-03-28 17:00:00,RUNNING,62.4,2.46,49.4,4.24,11.0,81.8,1303
EQ-A01,2024-03-28 18:00:00,RUNNING,60.8,2.09,46.5,4.71,10.8,73.3,2985
EQ-C01,2024-03-28 19:00:00,RUNNING,67.6,3.51,42.5,4.82,11.7,80.2,3800
EQ-B02,2024-03-28 20:00:00,RUNNING,61.9,2.38,45.8,4.79,12.3,72.9,2137
EQ-C01,2024-03-28 21:00:00,RUNNING,63.5,3.39,45.6,4.36,12.3,78.1,3126
EQ-B01,2024-03-28 22:00:00,RUNNING,60.9,2.74,42.0,4.31,11.5,74.4,3377
EQ-B02,2024-03-28 23:00:00,RUNNING,63.7,2.4,41.2,4.48,11.4,86.4,1347
EQ-A02,2024-03-29 00:00:00,RUNNING,63.8,2.37,46.4,4.9,11.4,77.9,1141
EQ-A02,2024-03-29 01:00:00,RUNNING,67.9,2.59,45.3,4.35,11.8,74.5,3605
EQ-A01,2024-03-29 02:00:00,RUNNING,63.7,2.94,43.3,4.76,12.7,76.8,3222
EQ-B02,2024-03-29 03:00:00,RUNNING,59.6,2.81,43.7,4.34,12.2,80.5,3897
EQ-C01,2024-03-29 04:00:00,RUNNING,60.0,2.53,49.0,4.17,11.9,71.9,4433
EQ-B02,2024-03-29 05:00:00,RUNNING,67.1,1.87,41.9,4.75,12.1,69.1,2424
EQ-C01,2024-03-29 06:00:00,RUNNING,64.8,1.86,46.8,4.58,11.6,72.1,703
EQ-A02,2024-03-29 07:00:00,RUNNING,63.6,1.96,47.7,4.85,11.8,73.4,3154
EQ-C01,2024-03-29 08:00:00,RUNNING,61.6,2.42,46.0,4.85,11.6,66.6,2642
EQ-C01,2024-03-29 09:00:00,RUNNING,62.0,2.78,44.9,4.8,12.0,83.1,4069
EQ-A02,2024-03-29 10:00:00,RUNNING,60.2,1.25,47.7,4.26,12.1,75.7,1205
EQ-A01,2024-03-29 11:00:00,RUNNING,66.0,2.26,43.1,4.19,12.3,78.9,2201
EQ-A02,2024-03-29 12:00:00,RUNNING,64.2,2.2,46.1,4.06,13.0,77.3,4396
EQ-B02,2024-03-29 13:00:00,RUNNING,64.5,2.91,46.3,4.57,11.1,77.1,1611
EQ-A02,2024-03-29 14:00:00,RUNNING,69.4,2.22,46.9,4.75,12.1,75.9,3464
EQ-C01,2024-03-29 15:00:00,RUNNING,66.7,2.71,48.8,4.79,12.4,80.3,1155
EQ-A01,2024-03-29 16:00:00,RUNNING,67.1,1.46,44.8,4.31,12.2,72.2,3244
EQ-B02,2024-03-29 17:00:00,RUNNING,66.8,2.29,48.4,5.0,11.3,76.6,3361
EQ-A01,2024-03-29 18:00:00,RUNNING,63.6,2.63,46.2,4.12,11.5,70.8,3816
EQ-C01,2024-03-29 19:00:00,RUNNING,63.3,2.24,46.6,4.57,11.6,73.4,4879
EQ-B02,2024-03-29 20:00:00,RUNNING,57.9,3.51,45.0,4.8,12.4,74.8,1549
EQ-A02,2024-03-29 21:00:00,RUNNING,57.9,2.22,45.7,4.52,12.5,75.0,2924
EQ-B02,2024-03-29 22:00:00,RUNNING,70.5,1.97,46.0,4.19,12.5,71.2,4933
EQ-C01,2024-03-29 23:00:00,RUNNING,59.7,1.76,44.1,4.97,12.4,77.2,1364
EQ-C01,2024-03-30 00:00:00,RUNNING,64.8,1.94,43.1,4.33,11.7,71.7,4590
EQ-A02,2024-03-30 01:00:00,RUNNING,62.1,2.5,43.5,4.84,12.6,78.0,1864
EQ-B01,2024-03-30 02:00:00,RUNNING,66.5,1.72,49.6,4.42,12.4,79.2,4628
EQ-B02,2024-03-30 03:00:00,RUNNING,61.9,2.19,45.8,4.04,12.0,63.0,3375
EQ-C01,2024-03-30 04:00:00,RUNNING,65.0,3.19,45.0,4.06,11.7,78.1,4316
EQ-B02,2024-03-30 05:00:00,RUNNING,65.5,2.73,44.7,4.27,12.1,75.3,4158
EQ-B02,2024-03-30 06:00:00,RUNNING,68.1,2.27,45.1,4.46,13.1,71.2,1634
EQ-B01,2024-03-30 07:00:00,RUNNING,63.8,2.02,47.6,4.91,11.9,80.9,3653
EQ-A01,2024-03-30 08:00:00,RUNNING,66.0,2.85,43.0,4.55,12.9,82.4,2566
EQ-A01,2024-03-30 09:00:00,RUNNING,67.4,2.98,49.9,4.74,11.7,81.1,2123
EQ-B01,2024-03-30 10:00:00,RUNNING,64.8,2.74,45.2,4.29,12.2,79.8,4402
EQ-A02,2024-03-30 11:00:00,RUNNING,67.2,2.74,44.6,4.0,12.0,77.8,500
EQ-C01,2024-03-30 12:00:00,RUNNING,58.5,2.47,44.8,4.23,12.4,79.7,2160
EQ-C01,2024-03-30 13:00:00,RUNNING,70.4,2.49,47.6,4.25,11.8,78.4,2123
EQ-A01,2024-03-30 14:00:00,RUNNING,63.0,2.42,46.7,4.5,11.5,72.1,2781
EQ-A02,2024-03-30 15:00:00,RUNNING,64.2,2.79,44.4,3.77,12.4,78.2,4424
EQ-A02,2024-03-30 16:00:00,RUNNING,61.8,1.93,47.7,4.43,12.4,71.5,793
EQ-A02,2024-03-30 17:00:00,RUNNING,67.0,2.04,45.8,4.61,11.0,75.6,1132
EQ-B02,2024-03-30 18:00:00,RUNNING,62.8,3.05,45.5,4.43,12.8,65.5,180
EQ-A01,2024-03-30 19:00:00,RUNNING,70.8,3.44,44.2,4.77,12.2,62.6,136
EQ-A01,2024-03-30 20:00:00,RUNNING,64.7,1.87,42.3,4.41,11.9,81.1,2472
EQ-B01,2024-03-30 21:00:00,RUNNING,62.7,2.3,47.7,4.44,11.7,79.3,506
EQ-B02,2024-03-30 22:00:00,RUNNING,66.6,2.55,46.8,4.13,11.7,85.0,3367
EQ-A02,2024-03-30 23:00:00,RUNNING,55.9,2.16,42.6,4.52,12.3,80.5,651
EQ-B01,2024-03-31 00:00:00,RUNNING,63.8,2.04,42.1,4.51,13.1,72.1,1958
EQ-A01,2024-03-31 01:00:00,RUNNING,64.8,2.57,44.2,4.93,12.6,79.1,2428
EQ-C01,2024-03-31 02:00:00,RUNNING,67.9,2.16,42.7,4.3,12.1,73.4,679
EQ-A02,2024-03-31 03:00:00,RUNNING,66.7,2.55,42.3,4.87,11.7,78.9,2561
EQ-A01,2024-03-31 04:00:00,RUNNING,62.5,2.06,43.1,4.07,11.3,76.9,236
EQ-A02,2024-03-31 05:00:00,RUNNING,62.2,2.67,45.2,4.76,11.5,80.3,4331
EQ-C01,2024-03-31 06:00:00,RUNNING,62.3,1.13,45.4,4.24,12.7,76.5,4160
EQ-B01,2024-03-31 07:00:00,RUNNING,64.7,2.6,44.0,5.01,11.7,77.3,1347
EQ-C01,2024-03-31 08:00:00,RUNNING,62.5,2.5,42.5,4.57,12.0,77.7,3950
EQ-A02,2024-03-31 09:00:00,RUNNING,66.4,2.51,49.1,4.49,12.0,74.6,371
EQ-C01,2024-03-31 10:00:00,RUNNING,65.6,2.36,44.3,4.73,12.0,80.3,4524
EQ-B02,2024-03-31 11:00:00,RUNNING,59.3,3.26,46.8,4.48,12.0,78.2,2780
EQ-B02,2024-03-31 12:00:00,RUNNING,61.9,2.52,45.3,3.89,12.2,68.2,2534
EQ-A02,2024-03-31 13:00:00,RUNNING,68.2,3.17,48.0,4.4,11.8,65.1,1209
EQ-B01,2024-03-31 14:00:00,RUNNING,67.0,1.75,42.1,4.41,11.4,70.2,193
EQ-B01,2024-03-31 15:00:00,RUNNING,65.1,2.94,46.1,4.56,12.6,75.6,1339
EQ-A01,2024-03-31 16:00:00,RUNNING,63.4,2.11,46.1,4.17,12.2,72.9,4348
EQ-A02,2024-03-31 17:00:00,RUNNING,62.5,2.07,46.9,4.24,11.9,72.7,2013
EQ-B01,2024-03-31 18:00:00,RUNNING,68.2,3.27,46.8,4.39,12.2,70.5,2001
EQ-A01,2024-03-31 19:00:00,RUNNING,65.6,1.62,45.5,4.48,12.2,74.9,4771
EQ-B02,2024-03-31 20:00:00,RUNNING,67.5,2.12,46.5,4.64,12.5,80.8,3594
EQ-B02,2024-03-31 21:00:00,RUNNING,62.1,2.76,42.7,4.85,11.6,73.1,938
EQ-C01,2024-03-31 22:00:00,RUNNING,65.7,2.87,45.7,4.73,12.0,76.2,2238
EQ-C01,2024-03-31 23:00:00,RUNNING,59.7,3.01,44.4,4.37,13.0,61.5,3382
EQ-A02,2024-04-01 00:00:00,RUNNING,65.3,1.38,45.7,4.29,10.5,80.4,4756
EQ-C01,2024-04-01 01:00:00,RUNNING,61.1,2.97,43.1,4.36,10.9,77.1,378
EQ-B01,2024-04-01 02:00:00,RUNNING,63.3,2.32,44.8,4.01,12.3,72.2,3395
EQ-C01,2024-04-01 03:00:00,RUNNING,71.9,2.26,44.2,4.09,11.2,79.4,1178
EQ-A01,2024-04-01 04:00:00,RUNNING,68.2,2.22,45.2,4.87,12.1,77.4,797
EQ-B02,2024-04-01 05:00:00,RUNNING,65.3,2.17,45.8,5.06,11.7,79.3,3085
EQ-A02,2024-04-01 06:00:00,RUNNING,65.5,2.21,46.8,4.73,12.3,83.7,122
EQ-B02,2024-04-01 07:00:00,RUNNING,70.5,2.53,44.8,4.07,12.8,74.6,3446
EQ-B02,2024-04-01 08:00:00,RUNNING,63.2,2.03,43.1,5.03,12.4,67.6,923
EQ-C01,2024-04-01 09:00:00,RUNNING,60.7,2.56,43.0,4.42,12.8,80.3,3627
EQ-C01,2024-04-01 10:00:00,RUNNING,59.9,1.99,45.5,4.84,11.6,76.8,2829
EQ-B02,2024-04-01 11:00:00,RUNNING,63.6,3.38,46.2,4.44,11.3,69.7,1352
EQ-B01,2024-04-01 12:00:00,RUNNING,57.4,2.64,46.3,4.71,11.7,81.4,155
EQ-B01,2024-04-01 13:00:00,RUNNING,69.8,2.17,47.4,4.54,11.7,81.2,2130
EQ-B01,2024-04-01 14:00:00,RUNNING,61.4,1.76,44.2,4.43,11.2,77.5,4120
EQ-B01,2024-04-01 15:00:00,RUNNING,62.7,1.85,46.3,4.37,12.5,77.3,1087
EQ-A02,2024-04-01 16:00:00,RUNNING,64.4,3.05,45.8,4.49,12.3,77.7,2704
EQ-A02,2024-04-01 17:00:00,RUNNING,61.7,3.68,45.1,4.53,11.1,75.6,694
EQ-A02,2024-04-01 18:00:00,RUNNING,65.5,1.93,42.9,4.23,11.9,76.1,4049
EQ-C01,2024-04-01 19:00:00,RUNNING,64.3,2.65,46.4,4.66,12.2,76.4,2686
EQ-B02,2024-04-01 20:00:00,RUNNING,65.9,2.43,43.7,4.47,12.3,78.2,894
EQ-A01,2024-04-01 21:00:00,RUNNING,66.5,2.26,44.6,4.44,11.7,79.5,524
EQ-B02,2024-04-01 22:00:00,RUNNING,59.5,3.51,49.1,4.52,12.2,79.2,4115
EQ-B02,2024-04-01 23:00:00,RUNNING,62.7,2.78,47.6,3.96,11.3,78.8,1709
EQ-A02,2024-04-02 00:00:00,RUNNING,64.2,2.31,44.3,4.16,11.8,68.4,700
EQ-B02,2024-04-02 01:00:00,RUNNING,68.9,2.57,45.2,4.7,13.4,69.7,2964
EQ-A01,2024-04-02 02:00:00,RUNNING,59.5,2.48,41.3,4.4,12.4,82.6,1949
EQ-B02,2024-04-02 03:00:00,RUNNING,60.3,2.03,45.7,4.73,12.4,82.4,805
EQ-C01,2024-04-02 04:00:00,RUNNING,67.2,2.44,47.1,4.52,12.1,72.5,1569
EQ-A01,2024-04-02 05:00:00,RUNNING,65.5,1.69,47.1,4.2,11.6,63.4,1301
EQ-B01,2024-04-02 06:00:00,RUNNING,62.5,2.02,45.4,4.11,11.8,71.6,4882
EQ-C01,2024-04-02 07:00:00,RUNNING,59.7,2.62,44.6,4.51,12.4,75.0,681
EQ-C01,2024-04-02 08:00:00,RUNNING,64.0,2.96,44.3,4.35,12.3,71.1,1724
EQ-C01,2024-04-02 09:00:00,RUNNING,68.5,2.58,48.1,4.48,12.5,66.8,4067
EQ-A02,2024-04-02 10:00:00,RUNNING,68.8,2.84,43.7,4.76,11.4,72.5,1820
EQ-B02,2024-04-02 11:00:00,RUNNING,62.4,2.96,47.5,4.37,11.4,70.1,430
EQ-A02,2024-04-02 12:00:00,RUNNING,65.3,2.51,44.3,4.25,12.8,71.9,2543
EQ-A02,2024-04-02 13:00:00,RUNNING,62.5,3.07,44.4,4.65,11.6,77.5,2507
EQ-B01,2024-04-02 14:00:00,RUNNING,67.2,1.94,43.9,4.23,11.7,83.0,2353
EQ-B02,2024-04-02 15:00:00,RUNNING,65.8,3.47,48.0,4.84,12.7,80.8,2447
EQ-C01,2024-04-02 16:00:00,RUNNING,70.1,2.77,46.4,4.7,11.8,79.2,100
EQ-B01,2024-04-02 17:00:00,RUNNING,68.8,2.2,43.3,4.33,12.7,73.8,4141
EQ-B02,2024-04-02 18:00:00,RUNNING,61.7,1.98,43.2,4.29,11.3,78.0,310
EQ-B02,2024-04-02 19:00:00,RUNNING,64.4,2.77,40.4,4.82,12.0,77.5,4478
EQ-B02,2024-04-02 20:00:00,RUNNING,69.6,2.68,49.2,3.94,11.8,66.0,1154
EQ-A02,2024-04-02 21:00:00,RUNNING,65.9,2.54,42.8,5.15,11.8,64.0,2682
EQ-A01,2024-04-02 22:00:00,RUNNING,67.0,2.85,44.0,4.74,11.5,72.9,142
EQ-B02,2024-04-02 23:00:00,RUNNING,66.2,2.96,44.6,4.36,12.0,64.8,3487
EQ-B01,2024-04-03 00:00:00,RUNNING,64.2,1.51,43.3,4.07,12.3,71.3,724
EQ-C01,2024-04-03 01:00:00,RUNNING,68.7,1.58,44.5,4.53,12.2,85.8,684
EQ-B02,2024-04-03 02:00:00,RUNNING,59.1,2.12,49.0,4.22,12.2,70.3,379
EQ-C01,2024-04-03 03:00:00,RUNNING,60.8,2.09,49.0,4.15,11.9,73.7,3026
EQ-A01,2024-04-03 04:00:00,RUNNING,67.7,3.06,45.2,3.54,11.6,69.0,4059
EQ-A02,2024-04-03 05:00:00,RUNNING,68.5,2.04,48.4,4.62,12.6,86.3,1463
EQ-C01,2024-04-03 06:00:00,RUNNING,62.2,1.69,45.4,4.79,11.7,75.2,4958
EQ-B01,2024-04-03 07:00:00,RUNNING,68.7,3.06,43.8,4.58,11.5,67.8,742
EQ-B01,2024-04-03 08:00:00,RUNNING,69.1,1.43,45.4,4.39,12.3,71.6,2980
EQ-B02,2024-04-03 09:00:00,RUNNING,68.4,2.39,47.9,4.57,11.5,77.7,1677
EQ-B01,2024-04-03 10:00:00,RUNNING,66.3,2.45,43.5,4.76,11.5,70.7,403
EQ-C01,2024-04-03 11:00:00,RUNNING,66.6,2.39,41.1,4.21,12.2,73.7,701
EQ-C01,2024-04-03 12:00:00,RUNNING,64.7,2.63,45.9,4.53,10.3,74.7,3000
EQ-C01,2024-04-03 13:00:00,RUNNING,63.5,2.52,47.1,4.18,12.0,77.4,111
EQ-B01,2024-04-03 14:00:00,RUNNING,64.1,1.85,42.6,4.49,11.7,65.4,2937
EQ-C01,2024-04-03 15:00:00,RUNNING,62.6,1.85,46.5,4.05,12.7,85.8,747
EQ-A01,2024-04-03 16:00:00,RUNNING,62.8,2.19,46.9,4.83,11.8,72.8,2729
EQ-B02,2024-04-03 17:00:00,RUNNING,63.7,2.07,46.8,4.55,11.6,75.3,2234
EQ-B01,2024-04-03 18:00:00,RUNNING,63.9,3.75,44.5,4.72,12.2,74.2,3314
EQ-B01,2024-04-03 19:00:00,RUNNING,66.3,2.61,50.0,4.47,10.7,85.9,2138
EQ-C01,2024-04-03 20:00:00,RUNNING,63.5,2.54,43.9,4.32,11.4,65.0,1058
EQ-B02,2024-04-03 21:00:00,RUNNING,62.8,2.76,41.7,4.65,13.2,76.4,484
EQ-B02,2024-04-03 22:00:00,RUNNING,60.8,2.7,46.9,4.89,12.1,78.0,3973
EQ-A01,2024-04-03 23:00:00,RUNNING,67.6,2.8,45.6,4.31,12.5,72.3,514
EQ-B01,2024-04-04 00:00:00,RUNNING,72.8,2.18,46.6,4.12,11.8,72.1,192
EQ-C01,2024-04-04 01:00:00,RUNNING,60.9,2.21,45.7,4.43,12.6,70.3,2113
EQ-A01,2024-04-04 02:00:00,RUNNING,67.1,2.2,47.3,4.74,12.5,74.2,2651
EQ-B01,2024-04-04 03:00:00,RUNNING,69.0,1.67,45.9,4.54,12.4,74.6,2653
EQ-A01,2024-04-04 04:00:00,RUNNING,62.0,1.95,45.0,4.42,12.4,79.8,4520
EQ-B01,2024-04-04 05:00:00,RUNNING,65.1,2.51,47.1,4.43,11.9,68.4,250
EQ-A02,2024-04-04 06:00:00,RUNNING,67.6,2.46,47.3,4.14,11.8,79.7,4572
EQ-A02,2024-04-04 07:00:00,RUNNING,66.0,1.91,46.8,4.11,12.4,70.1,1559
EQ-A01,2024-04-04 08:00:00,RUNNING,68.6,2.56,45.7,4.48,12.0,75.4,4520
EQ-A01,2024-04-04 09:00:00,RUNNING,67.1,2.47,47.9,4.28,12.4,77.8,1812
EQ-C01,2024-04-04 10:00:00,RUNNING,68.7,2.56,45.7,4.6,11.4,77.0,3234
EQ-B02,2024-04-04 11:00:00,RUNNING,74.8,3.3,43.4,3.96,12.0,80.4,1413
EQ-A01,2024-04-04 12:00:00,RUNNING,64.9,3.44,43.4,4.57,11.9,78.7,2054
EQ-C01,2024-04-04 13:00:00,RUNNING,67.4,3.09,44.8,4.88,12.2,81.8,3145
EQ-C01,2024-04-04 14:00:00,RUNNING,69.5,2.51,43.7,4.56,12.5,67.5,4643
EQ-B02,2024-04-04 15:00:00,RUNNING,63.5,2.84,39.8,4.19,11.7,74.6,2383
EQ-A01,2024-04-04 16:00:00,RUNNING,64.0,2.35,42.3,5.03,11.7,65.5,3743
EQ-C01,2024-04-04 17:00:00,RUNNING,68.4,2.11,42.6,4.7,11.7,75.8,4527
EQ-A01,2024-04-04 18:00:00,RUNNING,63.1,2.27,43.0,4.14,13.7,70.9,1341
EQ-B02,2024-04-04 19:00:00,RUNNING,60.6,3.07,45.5,4.51,11.8,73.0,2735
EQ-A02,2024-04-04 20:00:00,RUNNING,64.1,3.07,44.5,4.84,12.0,74.0,2868
EQ-A01,2024-04-04 21:00:00,RUNNING,61.9,3.57,45.0,4.5,12.9,77.1,3230
EQ-B01,2024-04-04 22:00:00,RUNNING,66.6,2.53,43.5,4.87,11.3,70.1,3682
EQ-C01,2024-04-04 23:00:00,RUNNING,62.7,2.63,45.0,3.94,13.2,78.8,1792
EQ-A02,2024-04-05 00:00:00,RUNNING,63.5,2.72,45.9,4.4,12.2,77.0,2039
EQ-B01,2024-04-05 01:00:00,RUNNING,68.3,2.53,45.6,4.44,11.8,71.2,3520
EQ-A02,2024-04-05 02:00:00,RUNNING,62.6,2.27,44.5,4.8,11.8,73.3,1739
EQ-A01,2024-04-05 03:00:00,RUNNING,64.1,2.48,48.4,4.39,12.3,76.7,1655
EQ-C01,2024-04-05 04:00:00,RUNNING,65.2,2.02,46.0,3.92,11.5,72.3,3937
EQ-B01,2024-04-05 05:00:00,RUNNING,64.3,2.54,47.8,4.69,12.1,73.3,2259
EQ-A01,2024-04-05 06:00:00,RUNNING,64.0,1.93,40.8,4.12,12.6,71.4,4221
EQ-C01,2024-04-05 07:00:00,RUNNING,63.4,3.01,39.7,4.32,11.5,76.5,537
EQ-B02,2024-04-05 08:00:00,RUNNING,66.7,2.79,48.0,4.67,12.1,87.2,4092
EQ-A01,2024-04-05 09:00:00,RUNNING,58.6,3.6,48.5,4.46,11.6,71.7,4241
EQ-C01,2024-04-05 10:00:00,RUNNING,64.1,3.1,40.1,5.1,12.0,80.9,4674
EQ-B02,2024-04-05 11:00:00,RUNNING,61.3,2.86,45.8,4.67,11.7,73.1,448
EQ-C01,2024-04-05 12:00:00,RUNNING,61.3,2.88,47.7,4.58,10.7,81.8,1477
EQ-A01,2024-04-05 13:00:00,RUNNING,65.4,1.17,41.6,4.18,12.0,69.9,1062
EQ-C01,2024-04-05 14:00:00,RUNNING,62.3,2.96,47.4,4.78,11.2,79.7,859
EQ-C01,2024-04-05 15:00:00,RUNNING,63.6,3.48,45.5,4.86,12.3,77.2,2411
EQ-A02,2024-04-05 16:00:00,RUNNING,63.9,3.1,46.9,4.4,11.8,71.4,746
EQ-A01,2024-04-05 17:00:00,RUNNING,67.5,2.62,45.6,4.39,12.7,67.6,1735
EQ-A02,2024-04-05 18:00:00,RUNNING,67.3,2.99,44.4,4.07,12.2,81.0,3293
EQ-B02,2024-04-05 19:00:00,RUNNING,70.3,2.83,43.8,4.71,12.3,76.6,921
EQ-A01,2024-04-05 20:00:00,RUNNING,62.3,2.8,45.9,5.23,12.0,83.5,2846
EQ-C01,2024-04-05 21:00:00,RUNNING,69.2,2.52,47.5,4.26,11.9,72.3,2358
EQ-C01,2024-04-05 22:00:00,RUNNING,64.5,1.5,48.6,4.41,12.4,76.2,2873
EQ-C01,2024-04-05 23:00:00,RUNNING,64.2,1.86,43.2,4.43,11.8,70.1,485
EQ-B01,2024-04-06 00:00:00,RUNNING,62.9,2.73,46.8,4.15,11.6,76.1,1435
EQ-B02,2024-04-06 01:00:00,RUNNING,64.5,2.32,46.8,4.56,11.2,71.0,2074
EQ-A02,2024-04-06 02:00:00,RUNNING,60.0,2.41,42.3,3.97,11.0,84.9,1077
EQ-A01,2024-04-06 03:00:00,RUNNING,60.9,2.34,45.1,4.54,12.3,74.7,4966
EQ-B02,2024-04-06 04:00:00,RUNNING,63.6,2.61,45.4,4.52,12.3,71.9,364
EQ-B01,2024-04-06 05:00:00,RUNNING,64.4,1.84,44.5,4.31,12.5,67.7,3825
EQ-A02,2024-04-06 06:00:00,RUNNING,63.6,2.24,46.3,4.12,12.0,75.4,1302
EQ-A01,2024-04-06 07:00:00,RUNNING,67.8,2.07,42.4,4.64,11.3,72.4,2668
EQ-A02,2024-04-06 08:00:00,RUNNING,64.3,2.81,41.9,4.41,12.0,70.7,3953
EQ-A01,2024-04-06 09:00:00,RUNNING,63.9,2.94,44.0,4.39,12.4,73.9,3999
EQ-B02,2024-04-06 10:00:00,RUNNING,69.0,1.68,44.5,4.73,11.6,73.8,2333
EQ-B01,2024-04-06 11:00:00,RUNNING,68.8,2.11,46.0,4.72,12.0,75.2,2381
EQ-B01,2024-04-06 12:00:00,RUNNING,61.9,2.87,42.5,4.62,11.7,73.0,4034
EQ-A01,2024-04-06 13:00:00,RUNNING,64.4,2.75,48.1,4.53,11.6,67.8,4456
EQ-A02,2024-04-06 14:00:00,RUNNING,68.5,2.59,44.5,4.52,12.4,72.9,1711
EQ-A01,2024-04-06 15:00:00,RUNNING,63.0,1.85,42.8,4.4,12.5,72.5,3735
EQ-A01,2024-04-06 16:00:00,RUNNING,65.8,3.06,45.8,5.09,12.0,74.2,2469
EQ-B02,2024-04-06 17:00:00,RUNNING,63.9,3.5,47.4,4.06,13.1,77.5,701
EQ-C01,2024-04-06 18:00:00,RUNNING,65.4,2.76,43.1,4.56,11.8,73.2,4788
EQ-B01,2024-04-06 19:00:00,RUNNING,67.9,2.37,45.2,4.6,12.5,81.3,2097
EQ-C01,2024-04-06 20:00:00,RUNNING,65.0,2.31,48.8,3.73,12.4,74.3,2330
EQ-B02,2024-04-06 21:00:00,RUNNING,66.7,2.52,47.6,4.63,11.3,67.7,4080
EQ-B02,2024-04-06 22:00:00,RUNNING,64.4,2.8,47.6,4.3,10.9,77.2,3443
EQ-A02,2024-04-06 23:00:00,RUNNING,65.1,2.57,42.8,4.86,11.6,76.5,3437
EQ-A02,2024-04-07 00:00:00,RUNNING,65.8,2.77,43.5,4.22,12.4,77.8,2133
EQ-B01,2024-04-07 01:00:00,RUNNING,66.0,3.06,45.7,4.39,12.3,77.3,4820
EQ-B02,2024-04-07 02:00:00,RUNNING,66.4,2.06,43.0,4.76,11.9,65.3,122
EQ-B01,2024-04-07 03:00:00,RUNNING,60.9,1.84,47.1,4.49,12.0,73.2,2001
EQ-A01,2024-04-07 04:00:00,RUNNING,61.8,2.88,46.3,4.29,12.7,78.7,1229
EQ-B02,2024-04-07 05:00:00,RUNNING,62.4,2.36,44.3,4.59,11.3,71.5,703
EQ-C01,2024-04-07 06:00:00,RUNNING,67.4,1.71,44.6,4.13,12.5,76.7,2567
EQ-A01,2024-04-07 07:00:00,RUNNING,60.6,1.98,45.0,3.81,11.4,70.9,1162
EQ-B01,2024-04-07 08:00:00,RUNNING,68.9,2.21,46.3,4.36,12.4,67.2,4082
EQ-C01,2024-04-07 09:00:00,RUNNING,62.8,2.45,45.4,4.6,12.1,77.5,3773
EQ-A01,2024-04-07 10:00:00,RUNNING,65.0,2.59,43.0,4.01,11.4,66.6,1870
EQ-B02,2024-04-07 11:00:00,RUNNING,65.7,2.97,43.1,4.8,12.2,72.2,4334
EQ-B02,2024-04-07 12:00:00,RUNNING,64.0,3.06,40.4,4.83,12.4,72.1,496
EQ-B01,2024-04-07 13:00:00,RUNNING,64.7,3.31,42.4,4.45,12.3,76.0,524
EQ-B02,2024-04-07 14:00:00,RUNNING,65.2,3.41,42.8,4.18,10.7,69.6,2037
EQ-A01,2024-04-07 15:00:00,RUNNING,63.0,2.66,46.9,4.21,11.9,82.0,3345
EQ-B02,2024-04-07 16:00:00,RUNNING,64.4,2.76,47.2,4.22,11.4,83.1,2055
EQ-B02,2024-04-07 17:00:00,RUNNING,66.7,1.84,42.9,4.44,12.7,79.9,168
EQ-B01,2024-04-07 18:00:00,RUNNING,68.2,2.28,45.0,4.26,11.8,69.4,460
EQ-A02,2024-04-07 19:00:00,RUNNING,62.4,2.14,44.7,4.63,12.8,73.2,4449
EQ-A01,2024-04-07 20:00:00,RUNNING,66.8,2.41,46.9,4.12,11.7,78.3,3613
EQ-B01,2024-04-07 21:00:00,RUNNING,66.7,2.8,47.8,3.98,11.4,77.8,165
EQ-C01,2024-04-07 22:00:00,RUNNING,67.4,2.83,50.4,4.23,12.2,74.6,4564
EQ-C01,2024-04-07 23:00:00,RUNNING,66.9,2.69,44.0,4.62,12.0,75.6,1088
EQ-A01,2024-04-08 00:00:00,RUNNING,68.4,3.74,41.2,4.89,12.3,71.3,1872
EQ-C01,2024-04-08 01:00:00,RUNNING,63.9,2.94,45.1,4.49,11.7,71.2,458
EQ-C01,2024-04-08 02:00:00,RUNNING,62.1,2.25,44.7,4.61,11.6,78.8,1068
EQ-A02,2024-04-08 03:00:00,RUNNING,62.3,2.88,43.3,5.11,12.3,79.2,580
EQ-A02,2024-04-08 04:00:00,RUNNING,64.5,2.8,42.5,4.21,11.8,82.6,336
EQ-A02,2024-04-08 05:00:00,RUNNING,68.0,1.38,43.0,4.47,12.6,76.2,3088
EQ-A02,2024-04-08 06:00:00,RUNNING,57.4,1.91,46.4,4.56,12.1,80.6,290
EQ-C01,2024-04-08 07:00:00,RUNNING,64.0,2.85,48.3,4.57,11.6,72.9,2248
EQ-B01,2024-04-08 08:00:00,RUNNING,62.3,1.38,43.4,4.69,12.0,81.8,1394
EQ-A02,2024-04-08 09:00:00,RUNNING,65.4,2.94,41.5,4.37,11.9,70.9,3868
EQ-B01,2024-04-08 10:00:00,RUNNING,69.6,1.54,44.8,4.84,12.4,73.1,4756
EQ-B02,2024-04-08 11:00:00,RUNNING,62.3,3.05,44.0,4.25,12.5,76.5,4994
EQ-B01,2024-04-08 12:00:00,RUNNING,63.9,2.66,45.9,4.48,12.1,64.2,1994
EQ-A01,2024-04-08 13:00:00,RUNNING,64.7,2.18,43.4,4.29,11.8,73.5,4806
EQ-A02,2024-04-08 14:00:00,RUNNING,65.5,2.13,46.0,4.72,12.4,79.7,3314
EQ-A01,2024-04-08 15:00:00,RUNNING,63.3,2.36,45.5,4.37,11.4,72.5,505
EQ-C01,2024-04-08 16:00:00,RUNNING,69.9,2.13,43.4,4.34,12.3,76.7,4469
EQ-B02,2024-04-08 17:00:00,RUNNING,67.1,3.77,46.6,4.77,13.4,77.4,452
EQ-A02,2024-04-08 18:00:00,RUNNING,63.8,2.35,47.1,4.12,11.0,70.9,3896
EQ-B01,2024-04-08 19:00:00,RUNNING,67.5,2.8,44.7,4.82,12.3,76.7,4138
EQ-B01,2024-04-08 20:00:00,RUNNING,64.9,2.95,46.5,4.42,12.4,71.7,2735
EQ-B01,2024-04-08 21:00:00,RUNNING,65.7,2.7,44.3,4.54,12.3,69.6,2339
EQ-C01,2024-04-08 22:00:00,RUNNING,65.6,3.61,43.3,4.81,12.0,80.9,1222
EQ-A01,2024-04-08 23:00:00,RUNNING,62.8,2.5,49.4,4.45,12.3,78.0,2713
EQ-B01,2024-04-09 00:00:00,RUNNING,58.9,2.72,42.5,4.69,12.1,69.4,4661
EQ-C01,2024-04-09 01:00:00,RUNNING,61.4,2.46,50.0,4.99,12.2,77.6,2406
EQ-B01,2024-04-09 02:00:00,RUNNING,66.8,2.23,43.6,4.76,11.7,82.2,2798
EQ-A02,2024-04-09 03:00:00,RUNNING,60.9,2.05,47.8,4.41,11.9,78.2,4309
EQ-A01,2024-04-09 04:00:00,RUNNING,68.5,2.8,45.6,4.74,12.2,80.4,1118
EQ-C01,2024-04-09 05:00:00,RUNNING,73.6,2.75,43.3,4.81,11.9,76.7,233
EQ-C01,2024-04-09 06:00:00,RUNNING,66.1,2.21,44.3,3.81,11.9,77.8,1089
EQ-C01,2024-04-09 07:00:00,RUNNING,65.0,2.27,45.8,4.22,11.5,77.6,4976
EQ-B02,2024-04-09 08:00:00,RUNNING,66.7,2.76,44.4,4.83,11.4,73.5,2949
EQ-B01,2024-04-09 09:00:00,RUNNING,67.2,2.93,43.5,5.14,11.9,75.4,4436
EQ-A02,2024-04-09 10:00:00,RUNNING,67.9,3.28,45.1,4.85,11.8,83.3,2421
EQ-B01,2024-04-09 11:00:00,RUNNING,65.1,2.66,44.3,4.56,11.6,74.7,2804
EQ-B02,2024-04-09 12:00:00,RUNNING,65.1,1.97,43.9,3.87,11.4,74.9,3427
EQ-A02,2024-04-09 13:00:00,RUNNING,67.9,2.32,44.9,4.85,12.4,79.1,1475
EQ-C01,2024-04-09 14:00:00,RUNNING,65.4,2.25,45.8,4.88,12.9,87.0,3139
EQ-A02,2024-04-09 15:00:00,RUNNING,69.6,2.52,42.6,4.68,12.5,62.2,1110
EQ-B02,2024-04-09 16:00:00,RUNNING,60.6,2.27,43.5,4.02,12.2,81.2,4155
EQ-A01,2024-04-09 17:00:00,RUNNING,64.4,1.67,45.4,4.17,11.5,79.8,2679
EQ-B02,2024-04-09 18:00:00,RUNNING,68.6,2.36,46.5,4.18,12.3,73.1,3212
EQ-A01,2024-04-09 19:00:00,RUNNING,61.0,2.05,45.8,4.06,11.9,80.3,2022
EQ-B02,2024-04-09 20:00:00,RUNNING,63.5,1.73,44.4,4.7,11.4,80.9,940
EQ-B02,2024-04-09 21:00:00,RUNNING,67.3,2.68,46.2,4.54,12.2,75.4,1243
EQ-B01,2024-04-09 22:00:00,RUNNING,67.6,3.15,43.4,4.29,11.8,72.0,4538
EQ-B02,2024-04-09 23:00:00,RUNNING,68.4,1.75,46.1,4.92,11.7,82.4,349
EQ-B02,2024-04-10 00:00:00,RUNNING,68.5,2.33,46.6,4.25,11.4,72.7,185
EQ-B01,2024-04-10 01:00:00,RUNNING,69.1,2.27,45.1,4.2,12.4,79.2,3777
EQ-A02,2024-04-10 02:00:00,RUNNING,62.9,1.34,44.3,4.63,12.0,75.4,3553
EQ-B02,2024-04-10 03:00:00,RUNNING,66.0,2.24,42.5,4.72,11.6,69.0,231
EQ-A02,2024-04-10 04:00:00,RUNNING,66.5,1.95,43.4,4.97,12.8,81.0,1711
EQ-B01,2024-04-10 05:00:00,RUNNING,67.3,3.08,48.9,4.83,12.1,79.4,615
EQ-B01,2024-04-10 06:00:00,RUNNING,63.6,2.57,45.4,4.46,11.8,81.4,4228
EQ-B01,2024-04-10 07:00:00,RUNNING,62.1,2.57,42.4,3.9,12.6,81.4,322
EQ-A01,2024-04-10 08:00:00,RUNNING,63.5,2.53,44.4,4.41,11.8,77.3,3167
EQ-A02,2024-04-10 09:00:00,RUNNING,63.9,2.71,48.3,4.62,12.1,72.1,135
EQ-A01,2024-04-10 10:00:00,RUNNING,65.0,1.66,48.1,4.21,11.0,74.5,3714
EQ-A02,2024-04-10 11:00:00,RUNNING,66.1,3.16,45.5,4.78,12.5,79.2,838
EQ-B02,2024-04-10 12:00:00,RUNNING,61.6,2.76,42.2,5.1,12.3,71.9,4171
EQ-A01,2024-04-10 13:00:00,RUNNING,66.1,1.99,41.9,4.76,11.5,74.1,2688
EQ-B02,2024-04-10 14:00:00,RUNNING,65.6,2.41,42.9,4.52,12.1,79.4,542
EQ-B01,2024-04-10 15:00:00,RUNNING,72.3,1.51,43.4,4.57,12.5,76.7,4413
EQ-B02,2024-04-10 16:00:00,RUNNING,68.4,1.76,44.4,4.94,11.6,60.5,4786
EQ-A01,2024-04-10 17:00:00,RUNNING,62.5,2.72,44.9,4.11,11.6,68.3,3159
EQ-A02,2024-04-10 18:00:00,RUNNING,61.4,2.06,45.2,3.78,12.7,74.5,1568
EQ-B01,2024-04-10 19:00:00,RUNNING,61.7,2.01,43.7,4.5,12.1,74.0,2575
EQ-A01,2024-04-10 20:00:00,RUNNING,62.7,2.49,40.9,4.14,11.7,68.3,1813
EQ-A02,2024-04-10 21:00:00,RUNNING,64.3,1.83,48.4,4.06,12.8,65.0,4939
EQ-B01,2024-04-10 22:00:00,RUNNING,71.0,2.79,46.6,4.09,11.8,73.7,2619
EQ-B02,2024-04-10 23:00:00,RUNNING,64.7,3.14,46.4,4.45,12.5,80.9,4746
EQ-B01,2024-04-11 00:00:00,RUNNING,63.3,2.2,49.3,4.43,11.7,74.2,563
EQ-B02,2024-04-11 01:00:00,RUNNING,68.2,2.86,44.7,4.68,12.1,74.3,2264
EQ-B01,2024-04-11 02:00:00,RUNNING,64.1,2.57,44.2,4.52,12.0,67.7,1851
EQ-A01,2024-04-11 03:00:00,RUNNING,63.4,2.37,48.7,4.45,12.1,85.8,2720
EQ-B02,2024-04-11 04:00:00,RUNNING,60.3,1.73,43.4,4.4,11.9,72.4,4880
EQ-A01,2024-04-11 05:00:00,RUNNING,61.3,2.99,44.1,4.86,11.5,84.8,2715
EQ-B02,2024-04-11 06:00:00,RUNNING,60.0,2.49,43.0,4.51,11.5,64.3,1108
EQ-C01,2024-04-11 07:00:00,RUNNING,62.7,3.3,43.0,4.65,12.0,72.7,754
EQ-C01,2024-04-11 08:00:00,RUNNING,71.1,2.34,45.3,4.53,12.8,67.5,4815
EQ-C01,2024-04-11 09:00:00,RUNNING,71.7,3.26,45.8,4.69,11.9,75.8,3359
EQ-B02,2024-04-11 10:00:00,RUNNING,66.3,2.05,48.0,4.57,12.1,70.7,2560
EQ-B02,2024-04-11 11:00:00,RUNNING,68.5,2.48,43.9,4.17,11.9,69.2,4857
EQ-A02,2024-04-11 12:00:00,RUNNING,66.0,2.89,44.2,4.57,12.6,74.1,3619
EQ-B01,2024-04-11 13:00:00,RUNNING,64.7,2.5,44.1,4.39,11.6,77.1,3281
EQ-A01,2024-04-11 14:00:00,RUNNING,64.8,2.8,47.0,4.18,11.6,78.5,4636
EQ-A02,2024-04-11 15:00:00,RUNNING,64.2,2.54,45.2,4.22,12.3,76.2,1695
EQ-B01,2024-04-11 16:00:00,RUNNING,62.0,2.42,44.8,4.72,12.6,75.0,4154
EQ-B01,2024-04-11 17:00:00,RUNNING,60.0,2.86,49.4,4.72,11.9,77.0,4683
EQ-B02,2024-04-11 18:00:00,RUNNING,67.4,2.56,47.6,4.16,11.8,77.3,3343
EQ-C01,2024-04-11 19:00:00,RUNNING,67.1,2.23,44.1,4.3,11.6,77.6,156
EQ-B01,2024-04-11 20:00:00,RUNNING,64.9,3.15,42.8,4.45,12.4,76.7,3939
EQ-A01,2024-04-11 21:00:00,RUNNING,61.7,3.08,45.2,5.08,11.9,80.8,1621
EQ-A02,2024-04-11 22:00:00,RUNNING,63.9,2.38,46.0,3.99,11.0,71.6,4017
EQ-B02,2024-04-11 23:00:00,RUNNING,61.1,1.37,46.5,4.26,11.8,75.7,826
